Date,Time,Day,Station,Code,Min Delay,Min Gap,Bound,Line,Vehicle
2017/09/01,00:01,Friday,SHEPPARD STATION,PUSI,0,0,N,YU,5631
2017/09/01,00:06,Friday,ST GEORGE YUS STATION,MUIS,0,0,S,YU,0
2017/09/01,01:01,Friday,ISLINGTON STATION,PUMEL,0,0,,BD,0
2017/09/01,02:24,Friday,BLOOR STATION,MUIS,0,0,,YU,0
2017/09/01,04:45,Friday,QUEEN STATION,PUSI,0,0,N,YU,0
2017/09/01,05:30,Friday,YONGE SHP STATION,EUBO,5,10,E,SHP,6186
2017/09/01,05:33,Friday,WILSON HOSTLER,MUSC,0,0,S,YU,5761
2017/09/01,06:43,Friday,BROADVIEW STATION,MUIE,0,0,E,BD,5194
2017/09/01,06:53,Friday,JANE STATION,TUSC,0,0,W,BD,5286
2017/09/01,07:03,Friday,JANE STATION,MUSC,0,0,E,BD,5082
2017/09/01,07:30,Friday,KIPLING STATION,TUSC,0,0,W,BD,5307
2017/09/01,07:58,Friday,ST CLAIR WEST STATION,MUSC,0,0,N,YU,5571
2017/09/01,08:42,Friday,OLD MILL STATION,PUTO,0,0,E,BD,5309
2017/09/01,08:48,Friday,PAPE STATION,SUO,0,0,E,BD,5156
2017/09/01,08:49,Friday,WOODBINE STATION,MUSC,0,0,W,BD,5046
2017/09/01,08:52,Friday,LANSDOWNE STATION,TUO,5,8,E,BD,5309
2017/09/01,08:59,Friday,COLLEGE STATION,MUO,0,0,S,YU,5691
2017/09/01,09:01,Friday,CHRISTIE STATION,MUO,7,9,E,BD,5309
2017/09/01,09:26,Friday,BAY STATION,MUIS,0,0,E,BD,0
2017/09/01,09:57,Friday,OLD MILL STATION,PUTIJ,0,0,E,BD,5357
2017/09/01,10:01,Friday,YORKDALE STATION,PUSTS,0,0,N,YU,6001
2017/09/01,10:02,Friday,BAY STATION,SUO,0,0,E,BD,5314
2017/09/01,11:07,Friday,COXWELL STATION,MUSC,0,0,W,BD,5285
2017/09/01,11:11,Friday,DUNDAS WEST STATION,MUIS,0,0,,BD,4087
2017/09/01,13:03,Friday,OLD MILL STATION,PUSTC,0,0,E,BD,5241
2017/09/01,13:18,Friday,SHEPPARD WEST STATION,MUIR,0,0,S,YU,5706
2017/09/01,13:26,Friday,DON MILLS STATION,EUNT,5,10,W,SHP,6156
2017/09/01,13:39,Friday,JANE STATION,MUIR,4,7,W,BD,5335
2017/09/01,13:59,Friday,KENNEDY SRT STATION,TRO,3,8,S,SRT,3000
2017/09/01,14:35,Friday,KING STATION,MUPAA,0,0,N,YU,5626
2017/09/01,14:36,Friday,WARDEN STATION,PUSO,3,6,W,BD,5116
2017/09/01,14:50,Friday,OSSINGTON STATION,TUSC,0,0,W,BD,5090
2017/09/01,14:58,Friday,YONGE SHP STATION,TUSC,0,0,E,SHP,6141
2017/09/01,15:25,Friday,WILSON HOSTLER,MUSC,0,0,S,YU,5811
2017/09/01,15:42,Friday,KENNEDY BD STATION,MUIR,3,6,W,BD,5240
2017/09/01,15:48,Friday,SPADINA BD STATION,MUIS,0,0,,BD,0
2017/09/01,15:50,Friday,SPADINA BD STATION,MUIRS,0,0,,BD,0
2017/09/01,16:01,Friday,CHRISTIE STATION,MUSC,0,0,E,BD,5057
2017/09/01,16:42,Friday,MUSEUM STATION,SUDP,8,10,N,YU,5691
2017/09/01,16:54,Friday,YONGE BD STATION,PUMEL,0,0,,BD,0
2017/09/01,17:01,Friday,OLD MILL STATION,PUSTC,3,6,E,BD,5105
2017/09/01,17:28,Friday,SPADINA BD STATION,TUDOE,13,16,W,BD,5286
2017/09/01,17:51,Friday,BROADVIEW STATION,MUO,9,12,E,BD,5331
2017/09/01,18:11,Friday,DUNDAS STATION,SUCOL,0,0,S,YU,5586
2017/09/01,18:11,Friday,KEELE STATION,MUPAA,0,0,E,BD,5129
2017/09/01,18:23,Friday,WILSON STATION,MUPAA,0,0,N,YU,5736
2017/09/01,18:58,Friday,YONGE BD STATION,MUIS,0,0,,BD,0
2017/09/01,19:16,Friday,CHRISTIE STATION,TUSC,0,0,W,BD,5307
2017/09/01,19:24,Friday,BLOOR DANFORTH SUBWAY,MUGD,0,0,,BD,0
2017/09/01,19:49,Friday,WOODBINE STATION,TUSC,14,17,W,BD,5046
2017/09/01,21:12,Friday,WILSON STATION,MUPAA,5,8,S,YU,5411
2017/09/01,22:00,Friday,YUS/BD/SHEPPARD SUBWAY,MUO,0,0,,BD,0
2017/09/01,22:22,Friday,BLOOR STATION,SUO,0,0,S,YU,0
2017/09/01,22:43,Friday,MUSEUM STATION,TUSC,0,0,S,YU,5706
2017/09/01,23:15,Friday,YONGE UNIVERSITY SUBWA,MUGD,0,0,,YU,0
2017/09/01,23:20,Friday,YONGE UNIVERSITY SUBWA,MUGD,0,0,,YU,0
2017/09/01,23:21,Friday,KENNEDY SRT STATION,MRD,8,13,N,SRT,3025
2017/09/01,23:53,Friday,SHEPPARD STATION,PUSI,3,7,N,YU,5731
2017/09/01,23:59,Friday,JANE STATION,TUSC,0,0,E,BD,5081
2017/09/02,00:38,Saturday,FINCH STATION,MUIR,5,9,S,YU,6011
2017/09/02,01:10,Saturday,ROYAL YORK STATION,MUIS,0,0,E,BD,5188
2017/09/02,01:54,Saturday,BLOOR STATION,TUCC,4,9,N,YU,5726
2017/09/02,02:23,Saturday,SHEPPARD STATION,MUIS,0,0,N,YU,0
2017/09/02,05:54,Saturday,LAWRENCE STATION,PUSO,0,0,S,YU,5731
2017/09/02,05:56,Saturday,LAWRENCE STATION,PUSO,3,7,N,YU,5931
2017/09/02,06:30,Saturday,KIPLING STATION,MUSC,0,0,E,BD,5146
2017/09/02,06:34,Saturday,KENNEDY BD STATION,MUSC,0,0,W,BD,5211
2017/09/02,07:28,Saturday,ST CLAIR WEST STATION,PUTIJ,5,9,N,YU,5511
2017/09/02,08:34,Saturday,SHEPPARD WEST STATION,TUSC,0,0,N,YU,5521
2017/09/02,09:12,Saturday,QUEEN STATION,TUO,3,7,N,YU,5526
2017/09/02,09:15,Saturday,WARDEN STATION,SUDP,0,0,,BD,0
2017/09/02,09:54,Saturday,KENNEDY BD STATION,MUIS,0,0,,BD,0
2017/09/02,11:00,Saturday,YONGE UNIVERSITY LINE,MUGD,0,0,,YU,0
2017/09/02,11:22,Saturday,SHEPPARD WEST STATION,EUNT,3,6,S,YU,5401
2017/09/02,11:37,Saturday,JANE STATION,TUSC,0,0,W,BD,5257
2017/09/02,11:45,Saturday,BLOOR DANFORTH SUBWAY,MUGD,0,0,,BD,0
2017/09/02,12:34,Saturday,YONGE BD STATION,SUCOL,0,0,E,BD,5139
2017/09/02,12:35,Saturday,BLOOR STATION,MUO,0,0,N,YU,5451
2017/09/02,13:24,Saturday,SHEPPARD WEST STATION,MUSC,0,0,N,YU,5926
2017/09/02,14:49,Saturday,YONGE BD STATION,PUMEL,0,0,,BD,0
2017/09/02,16:12,Saturday,ST CLAIR WEST STATION,MUPAA,0,0,S,YU,5706
2017/09/02,17:18,Saturday,GLENCAIRN STATION,TUSC,0,0,N,YU,5801
2017/09/02,17:20,Saturday,SPADINA YUS STATION,MUSC,0,0,N,YU,5936
2017/09/02,19:14,Saturday,OLD MILL STATION,SUEAS,4,8,W,BD,5028
2017/09/02,19:17,Saturday,EGLINTON STATION,MUD,7,10,S,YU,6106
2017/09/02,19:30,Saturday,DUNDAS STATION,MUIR,4,8,N,YU,5776
2017/09/02,19:44,Saturday,QUEEN STATION,MUPAA,0,0,S,YU,5961
2017/09/02,20:57,Saturday,WELLESLEY STATION,MUPAA,0,0,N,YU,5966
2017/09/02,21:31,Saturday,BROADVIEW STATION,SUDP,0,0,E,BD,5033
2017/09/02,21:35,Saturday,YONGE SHP STATION,TUSC,3,8,W,SHP,6196
2017/09/02,22:00,Saturday,YUS/BD/SHEPPARD SUBWAY,MUO,0,0,,YU/BD,0
2017/09/02,22:18,Saturday,YONGE SHP STATION,MUPAA,0,0,E,SHP,6191
2017/09/02,22:35,Saturday,YONGE UNIVERSITY LINE,MUGD,0,0,,YU,0
2017/09/02,22:45,Saturday,SPADINA BD STATION,MUIS,0,0,E,BD,0
2017/09/02,22:56,Saturday,FINCH STATION,PUTDN,12,16,N,YU,5656
2017/09/02,23:02,Saturday,YONGE BD STATION,MUIS,0,0,,BD,0
2017/09/02,23:20,Saturday,FINCH STATION,MUSC,0,0,S,YU,5911
2017/09/02,23:25,Saturday,BLOOR DANFORTH SUBWAY,MUO,0,0,,BD,0
2017/09/03,00:24,Sunday,ISLINGTON STATION,TUSC,0,0,E,BD,5090
2017/09/03,00:40,Sunday,ROSEDALE STATION,MUI,6,10,N,YU,6011
2017/09/03,01:05,Sunday,SHEPPARD WEST STATION,MUIE,4,8,S,YU,5521
2017/09/03,01:19,Sunday,JANE STATION,MUDD,3,7,E,BD,5072
2017/09/03,01:23,Sunday,RUNNYMEDE STATION,MUDD,0,0,E,BD,5072
2017/09/03,01:49,Sunday,DUFFERIN STATION,SUUT,7,11,W,BD,5129
2017/09/03,02:16,Sunday,HIGH PARK STATION,TUSC,0,0,E,BD,5139
2017/09/03,07:25,Sunday,SHEPPARD WEST STATION,MUNCA,0,0,,YU,0
2017/09/03,07:45,Sunday,QUEEN'S PARK STATION,MUNCA,0,0,,YU,0
2017/09/03,07:53,Sunday,WILSON STATION,MUSC,0,0,S,YU,5656
2017/09/03,08:07,Sunday,HIGH PARK STATION,EUSC,3,0,W,BD,5028
2017/09/03,08:31,Sunday,COXWELL STATION,MUSC,0,0,E,BD,5318
2017/09/03,08:55,Sunday,KIPLING STATION,MUSC,0,0,E,BD,5340
2017/09/03,08:55,Sunday,OSSINGTON STATION,SUCOL,0,0,W,BD,5286
2017/09/03,09:28,Sunday,CHRISTIE STATION,PUTIJ,0,0,E,BD,5265
2017/09/03,09:34,Sunday,GLENCAIRN STATION,MUIS,0,0,N,YU,0
2017/09/03,09:35,Sunday,LESLIE STATION,TUSC,0,0,W,SHP,6176
2017/09/03,10:07,Sunday,ST CLAIR STATION,TUSC,0,0,S,YU,5721
2017/09/03,10:54,Sunday,EGLINTON WEST STATION,TUOS,0,0,S,YU,5916
2017/09/03,11:31,Sunday,QUEEN STATION,MUPAA,0,0,S,YU,5666
2017/09/03,12:19,Sunday,YONGE BD STATION,MUTO,0,0,W,BD,5286
2017/09/03,12:57,Sunday,ST PATRICK STATION,MUPAA,0,0,S,YU,5541
2017/09/03,13:14,Sunday,EGLINTON STATION,PUMEL,0,0,,YU,0
2017/09/03,13:30,Sunday,YONGE UNIVERSITY LINE,MUGD,0,0,,YU,0
2017/09/03,13:36,Sunday,DUNDAS STATION,SUDP,5,9,N,YU,5716
2017/09/03,13:55,Sunday,ISLINGTON STATION,PUMEL,0,0,,BD,0
2017/09/03,14:06,Sunday,ELLESMERE STATION,ERPR,5,12,S,SRT,3020
2017/09/03,14:14,Sunday,EGLINTON STATION,MUPAA,0,0,S,YU,5586
2017/09/03,15:06,Sunday,SPADINA YUS STATION,MUPAA,0,0,S,YU,5881
2017/09/03,15:32,Sunday,DUPONT STATION,MUPAA,0,0,N,YU,6051
2017/09/03,15:32,Sunday,ISLINGTON STATION,TUSC,0,0,E,BD,5082
2017/09/03,15:34,Sunday,ST PATRICK STATION,TUSC,0,0,S,YU,5581
2017/09/03,16:49,Sunday,RUNNYMEDE STATION,PUSTC,0,0,W,BD,5042
2017/09/03,17:03,Sunday,SUMMERHILL STATION,MUNCA,0,0,,YU,0
2017/09/03,17:08,Sunday,FINCH STATION,MUTO,3,7,N,YU,5706
2017/09/03,17:28,Sunday,EGLINTON STATION,MUNCA,0,0,,YU,0
2017/09/03,17:32,Sunday,SHEPPARD WEST STATION,EUBO,5,9,N,YU,5936
2017/09/03,18:15,Sunday,ST CLAIR WEST STATION,TUSC,0,0,S,YU,5881
2017/09/03,18:54,Sunday,ST GEORGE YUS STATION,MUPAA,3,7,N,YU,5721
2017/09/03,18:57,Sunday,FINCH STATION,MUPAA,4,8,S,YU,5741
2017/09/03,20:01,Sunday,LAWRENCE EAST STATION,MRPAA,0,0,N,SRT,3025
2017/09/03,20:01,Sunday,WELLESLEY STATION,PUMEL,0,0,,YU,0
2017/09/03,20:02,Sunday,DAVISVILLE HOSTLER,EUBK,4,8,S,YU,5811
2017/09/03,21:02,Sunday,FINCH STATION,EUTRD,4,8,S,YU,5846
2017/09/03,21:42,Sunday,QUEEN'S PARK STATION,MUPAA,3,7,N,YU,6121
2017/09/03,22:00,Sunday,YONGE UNIVERSITY LINE,MUO,0,0,,YU/BD,0
2017/09/03,22:33,Sunday,JANE STATION,MUSC,0,0,E,BD,5230
2017/09/03,23:06,Sunday,KIPLING STATION,MUSC,0,0,W,BD,5186
2017/09/03,23:24,Sunday,DUNDAS WEST STATION,MUIS,0,0,,BD,0
2017/09/04,00:05,Monday,UNION STATION,SUDP,0,0,N,YU,5801
2017/09/04,05:29,Monday,WILSON HOSTLER,MUSC,0,0,S,YU,6021
2017/09/04,07:21,Monday,GREENWOOD STATION,MUPAA,0,0,E,BD,5310
2017/09/04,08:09,Monday,YORK MILLS STATION,EUSC,0,0,S,YU,5956
2017/09/04,08:11,Monday,ST PATRICK STATION,MUIS,0,0,,YU,0
2017/09/04,08:21,Monday,KENNEDY BD STATION,MUSC,0,0,W,BD,5131
2017/09/04,08:52,Monday,COLLEGE STATION,SUDP,3,7,S,YU,6051
2017/09/04,11:30,Monday,YONGE UNIVERSITY LINE,MUGD,0,0,,YU,0
2017/09/04,11:46,Monday,EGLINTON STATION,EUBK,4,8,S,YU,5841
2017/09/04,11:53,Monday,COLLEGE STATION,TUMVS,0,0,S,YU,5436
2017/09/04,12:47,Monday,YONGE SHP STATION,TUSC,0,0,E,SHP,6191
2017/09/04,13:16,Monday,YONGE BD STATION,PUMEL,0,0,,BD,0
2017/09/04,13:46,Monday,SCARB CTR STATION,MRTO,5,10,S,SRT,3008
2017/09/04,14:02,Monday,ST CLAIR WEST STATION,TUSC,0,0,S,YU,6126
2017/09/04,15:13,Monday,SPADINA BD STATION,EUSC,0,0,E,BD,5212
2017/09/04,15:20,Monday,YONGE BD STATION,EUSC,0,0,E,BD,5212
2017/09/04,15:29,Monday,DONLANDS STATION,TUSC,0,0,E,BD,5212
2017/09/04,16:32,Monday,YONGE SHP STATION,TUSC,0,0,E,SHP,6151
2017/09/04,16:58,Monday,KIPLING STATION,MUSC,0,0,E,BD,5204
2017/09/04,17:16,Monday,ST GEORGE BD STATION,TUSC,0,0,W,BD,5307
2017/09/04,17:36,Monday,COXWELL STATION,MUIR,9,13,E,BD,5205
2017/09/04,17:59,Monday,GREENWOOD STATION,TUSC,0,0,W,BD,5113
2017/09/04,18:02,Monday,BATHURST STATION,MUIS,0,0,E,BD,0
2017/09/04,18:09,Monday,DAVISVILLE HOSTLER,MUTO,3,7,S,YU,5861
2017/09/04,18:14,Monday,WELLESLEY STATION,PUSI,0,0,S,YU,5436
2017/09/04,18:26,Monday,KIPLING STATION,EUSC,0,0,E,BD,5212
2017/09/04,18:30,Monday,ISLINGTON STATION,EUSC,0,0,E,BD,5212
2017/09/04,18:31,Monday,COLLEGE STATION,MUPAA,0,0,N,YU,6126
2017/09/04,19:18,Monday,MAIN STREET STATION,EUDO,6,10,W,BD,5104
2017/09/04,19:21,Monday,SHEPPARD WEST STATION,MUSC,0,0,S,YU,5821
2017/09/04,19:55,Monday,LESLIE STATION,TUSC,0,0,W,SHP,6176
2017/09/04,19:55,Monday,SHEPPARD WEST STATION,TUSC,0,0,N,YU,6026
2017/09/04,20:05,Monday,DON MILLS STATION,TUMVS,30,35,W,SHP,6155
2017/09/04,20:55,Monday,SHEPPARD WEST STATION,PUSTC,4,8,S,YU,6006
2017/09/04,21:10,Monday,LESLIE STATION,PUSO,5,10,E,SHP,6171
2017/09/04,21:14,Monday,KENNEDY BD STATION,EUO,4,8,E,BD,5357
2017/09/04,22:00,Monday,YUS/BD/SHEPPARD SUBWAY,MUO,0,0,,YU/BD,0
2017/09/04,22:15,Monday,KENNEDY SRT STATION,SRO,7,14,N,SRT,3007
2017/09/04,22:43,Monday,YONGE UNIVERSITY SUBWA,MUGD,0,0,,YU,0
2017/09/05,00:24,Tuesday,YORK MILLS STATION,MUSC,0,0,N,YU,5816
2017/09/05,00:49,Tuesday,HIGH PARK STATION,PUSI,0,0,W,BD,5146
2017/09/05,01:35,Tuesday,WOODBINE STATION,MUIS,0,0,E,BD,0
2017/09/05,05:08,Tuesday,QUEEN STATION,MUNCA,0,0,,YU,0
2017/09/05,05:20,Tuesday,SCARB CTR STATION,TRNCA,0,0,,SRT,0
2017/09/05,05:33,Tuesday,WILSON HOSTLER,MUSC,0,0,S,YU,6086
2017/09/05,05:47,Tuesday,GREENWOOD PORTAL,MUSC,0,0,W,BD,5008
2017/09/05,05:51,Tuesday,ST CLAIR STATION,MUIS,0,0,S,YU,5651
2017/09/05,05:52,Tuesday,KEELE STATION,MUSC,0,0,W,BD,5018
2017/09/05,05:57,Tuesday,WILSON HOSTLER,MUSC,0,0,S,YU,5576
2017/09/05,06:02,Tuesday,UNION STATION,TUO,5,0,N,YU,5651
2017/09/05,06:37,Tuesday,YORKDALE STATION,EUDO,3,5,S,YU,5901
2017/09/05,06:52,Tuesday,WOODBINE STATION,EUNT,3,5,E,BD,5196
2017/09/05,06:56,Tuesday,WARDEN STATION,MUSC,0,0,W,BD,5082
2017/09/05,07:00,Tuesday,GREENWOOD STATION,MUSC,0,0,E,BD,5354
2017/09/05,07:11,Tuesday,GREENWOOD STATION,MUSC,0,0,W,BD,5294
2017/09/05,07:16,Tuesday,EGLINTON STATION,MUIRS,0,0,,YU,0
2017/09/05,07:25,Tuesday,FINCH STATION,MUSC,0,0,S,YU,5836
2017/09/05,07:26,Tuesday,KENNEDY BD STATION,MUPAA,3,5,W,BD,5304
2017/09/05,07:28,Tuesday,ST GEORGE BD STATION,MUIR,0,0,W,BD,5335
2017/09/05,07:32,Tuesday,BLOOR STATION,MUIS,0,0,,YU,0
2017/09/05,07:37,Tuesday,KEELE STATION,PUSTS,0,0,E,BD,5041
2017/09/05,08:29,Tuesday,FINCH STATION,MUIS,0,0,,YU,0
2017/09/05,08:30,Tuesday,GREENWOOD STATION,MUIS,0,0,,BD,0
2017/09/05,08:39,Tuesday,WARDEN STATION,MUSC,0,0,E,BD,5223
2017/09/05,08:54,Tuesday,EGLINTON STATION,TUCC,0,0,S,YU,5076
2017/09/05,09:54,Tuesday,CHRISTIE STATION,MUSC,0,0,E,BD,5285
2017/09/05,11:12,Tuesday,CHESTER STATION,SUUT,0,0,,BD,5245
2017/09/05,11:40,Tuesday,CHRISTIE STATION,MUSC,0,0,E,BD,5044
2017/09/05,12:03,Tuesday,KENNEDY BD STATION,MUSC,0,0,W,BD,5122
2017/09/05,12:15,Tuesday,YUS/BD/SHEPPARD SUBWAY,MUGD,0,0,,YU,0
2017/09/05,12:19,Tuesday,LANSDOWNE STATION,SUO,3,6,W,BD,5214
2017/09/05,12:19,Tuesday,OSSINGTON STATION,MUIS,0,0,,BD,0
2017/09/05,12:51,Tuesday,WOODBINE STATION,MUIS,0,0,,BD,0
2017/09/05,13:49,Tuesday,KIPLING STATION,EUAC,4,7,W,BD,5321
2017/09/05,13:59,Tuesday,KING STATION,SUDP,7,10,S,YU,5521
2017/09/05,14:10,Tuesday,ROYAL YORK STATION,MUSC,0,0,E,BD,5265
2017/09/05,14:27,Tuesday,HIGH PARK STATION,PUSTS,0,0,W,BD,5122
2017/09/05,14:39,Tuesday,LESLIE STATION,MUSC,0,0,W,SHP,6176
2017/09/05,14:48,Tuesday,ISLINGTON STATION,TUSC,0,0,E,BD,5066
2017/09/05,15:06,Tuesday,BLOOR STATION,SUSA,0,0,S,YU,0
2017/09/05,15:20,Tuesday,KIPLING STATION,MUIRS,0,0,,BD,0
2017/09/05,15:23,Tuesday,HIGH PARK STATION,PUSTS,0,0,W,BD,5110
2017/09/05,15:23,Tuesday,VICTORIA PARK STATION,SUDP,0,0,,BD,0
2017/09/05,15:30,Tuesday,HIGH PARK STATION,TUSC,0,0,W,BD,5246
2017/09/05,15:44,Tuesday,LESLIE STATION,MUSC,0,0,W,SHP,6176
2017/09/05,15:58,Tuesday,KENNEDY BD STATION,TUMVS,0,0,E,BD,5181
2017/09/05,16:00,Tuesday,ST CLAIR STATION,MUDD,7,9,S,YU,6001
2017/09/05,16:07,Tuesday,LESLIE STATION,MUSC,0,0,W,SHP,6176
2017/09/05,16:20,Tuesday,MUSEUM STATION,MUPAA,0,0,N,YU,6026
2017/09/05,16:30,Tuesday,BROADVIEW STATION,MUIRS,0,0,,BD,0
2017/09/05,16:41,Tuesday,SPADINA BD STATION,SUDP,0,0,E,BD,5104
2017/09/05,17:00,Tuesday,ST CLAIR WEST STATION,MUI,6,8,S,YU,5551
2017/09/05,17:29,Tuesday,FINCH STATION,MUNCA,0,0,,YU,0
2017/09/05,17:30,Tuesday,KENNEDY BD STATION,MUIR,9,11,W,BD,5188
2017/09/05,17:40,Tuesday,KENNEDY BD STATION,PUSTC,14,16,E,BD,5036
2017/09/05,17:47,Tuesday,KIPLING STATION,MUSC,0,0,E,BD,5027
2017/09/05,17:47,Tuesday,SHEPPARD STATION,MUIS,0,0,,YU,0
2017/09/05,18:14,Tuesday,KENNEDY SRT STATION,ERTC,5,10,N,SRT,3013
2017/09/05,18:17,Tuesday,KENNEDY SRT STATION,TRO,10,15,S,SRT,3026
2017/09/05,19:15,Tuesday,ISLINGTON STATION,MUIS,0,0,,BD,0
2017/09/05,19:24,Tuesday,LESLIE STATION,MUSC,0,0,W,SHP,6176
2017/09/05,19:39,Tuesday,MAIN STREET STATION,MUIRS,0,0,,BD,0
2017/09/05,20:04,Tuesday,HIGH PARK STATION,PUSNT,0,0,W,BD,5361
2017/09/05,20:28,Tuesday,KIPLING STATION,TUSC,0,0,W,BD,5188
2017/09/05,22:00,Tuesday,YUS/BD/SHEPPARD SUBWAY,MUO,0,0,,BD,0
2017/09/05,23:40,Tuesday,BLOOR DANFORTH SUBWAY,MUGD,0,0,,BD,0
2017/09/05,23:53,Tuesday,LAWRENCE EAST STATION,SRDP,0,0,,SRT,0
2017/09/06,01:19,Wednesday,SHEPPARD WEST STATION,MUIS,0,0,,YU,5108
2017/09/06,01:20,Wednesday,BLOOR STATION,SUDP,7,11,N,YU,5431
2017/09/06,05:34,Wednesday,WILSON YARD,MUSC,0,0,S,YU,6066
2017/09/06,05:42,Wednesday,ST PATRICK STATION,MUNCA,0,0,,YU,0
2017/09/06,05:43,Wednesday,DON MILLS STATION,MUSC,0,0,W,SHP,6176
2017/09/06,05:44,Wednesday,ST GEORGE YUS STATION,EUOE,0,0,N,YU,41
2017/09/06,06:01,Wednesday,BATHURST STATION,MUD,0,0,W,BD,5079
2017/09/06,06:02,Wednesday,HIGH PARK STATION,PUSTS,3,7,W,BD,5214
2017/09/06,06:16,Wednesday,HIGH PARK STATION,MUSC,0,0,W,BD,5079
2017/09/06,06:35,Wednesday,YORKDALE STATION,EUSC,0,0,N,YU,5681
2017/09/06,07:00,Wednesday,KIPLING STATION,MUSC,0,0,E,BD,5166
2017/09/06,07:19,Wednesday,HIGH PARK STATION,MUPLB,5,7,E,BD,5299
2017/09/06,07:33,Wednesday,KENNEDY BD STATION,MUSC,0,0,W,BD,5332
2017/09/06,07:36,Wednesday,UNION STATION,EUBK,0,0,S,YU,5696
2017/09/06,07:38,Wednesday,KEELE STATION,MUI,5,7,E,BD,5208
2017/09/06,08:24,Wednesday,BLOOR STATION,MUIR,3,5,S,YU,5911
2017/09/06,08:47,Wednesday,GREENWOOD WYE,MUSC,0,0,E,BD,5217
2017/09/06,10:17,Wednesday,ST CLAIR WEST STATION,EUBK,5,8,N,YU,5841
2017/09/06,10:52,Wednesday,HIGH PARK STATION,MUIS,0,0,E,BD,0
2017/09/06,11:26,Wednesday,ISLINGTON STATION,PUMEL,0,0,,BD,0
2017/09/06,11:47,Wednesday,DUPONT STATION,MUPAA,0,0,N,YU,5551
2017/09/06,12:18,Wednesday,GREENWOOD YARD,PUTOE,0,0,,BD,0
2017/09/06,13:33,Wednesday,YORK MILLS STATION,PUMEL,0,0,,YU,0
2017/09/06,15:14,Wednesday,WILSON HOSTLER,MUSC,0,0,S,YU,5816
2017/09/06,15:22,Wednesday,ST CLAIR WEST STATION,MUIS,0,0,,YU,0
2017/09/06,15:24,Wednesday,WOODBINE STATION,EUSC,0,0,W,BD,5326
2017/09/06,15:27,Wednesday,KIPLING STATION,MUSC,0,0,E,BD,5307
2017/09/06,15:28,Wednesday,BAY STATION,MUIR,3,6,E,BD,5057
2017/09/06,16:39,Wednesday,OLD MILL STATION,MUIR,5,7,E,BD,5238
2017/09/06,16:40,Wednesday,WILSON STATION,MUSC,0,0,S,YU,5831
2017/09/06,17:11,Wednesday,MAIN STREET STATION,EUSC,0,0,W,BD,5325
2017/09/06,17:32,Wednesday,FINCH STATION,MUSC,0,0,S,YU,5566
2017/09/06,18:16,Wednesday,DAVISVILLE STATION,MUPAA,0,0,N,YU,5816
2017/09/06,18:44,Wednesday,ELLESMERE STATION,MRUIR,0,0,N,SRT,3007
2017/09/06,19:13,Wednesday,SPADINA BD STATION,MUIS,0,0,E,BD,0
2017/09/06,20:00,Wednesday,YONGE BD STATION,MUIS,0,0,E,BD,5260
2017/09/06,20:00,Wednesday,YORK MILLS STATION,TUSC,0,0,S,YU,5681
2017/09/06,20:12,Wednesday,COXWELL STATION,MUIS,0,0,,BD,0
2017/09/06,22:00,Wednesday,YUS/BD/SHEPPARD SUBWAY,MUO,0,0,,YU/BD,0
2017/09/06,22:17,Wednesday,EGLINTON STATION,MUIS,0,0,N,YU,0
2017/09/06,23:10,Wednesday,DON MILLS STATION,TUSC,0,0,W,SHP,6156
2017/09/06,23:25,Wednesday,BLOOR DANFORTH SUBWAY,MUGD,0,0,,BD,0
2017/09/06,23:28,Wednesday,ST CLAIR STATION,MUPAA,0,0,N,YU,5791
2017/09/07,00:54,Thursday,HIGH PARK STATION,PUMST,0,0,,BD,0
2017/09/07,01:40,Thursday,CHRISTIE STATION,MUSC,0,0,W,BD,5110
2017/09/07,05:41,Thursday,DAVISVILLE HOSTLER,TUSC,0,0,N,YU,5691
2017/09/07,05:55,Thursday,GREENWOOD STATION,EUCD,15,19,E,BD,5181
2017/09/07,05:57,Thursday,ST GEORGE BD STATION,EUCD,4,8,W,BD,5079
2017/09/07,06:00,Thursday,TORONTO TRANSIT COMMIS,MUO,0,0,,SHP,0
2017/09/07,06:00,Thursday,TORONTO TRANSIT COMMIS,MRO,0,0,,SRT,0
2017/09/07,06:00,Thursday,TORONTO TRANSIT COMMIS,MUO,0,0,,YU/BD,0
2017/09/07,06:01,Thursday,KENNEDY BD STATION,TUNIP,11,15,W,BD,5208
2017/09/07,06:09,Thursday,KENNEDY SRT STATION,ERTC,6,11,N,SRT,3013
2017/09/07,06:12,Thursday,CHRISTIE STATION,EUCD,9,13,W,BD,5113
2017/09/07,06:15,Thursday,DONLANDS STATION,PUTOE,0,0,E,BD,0
2017/09/07,06:48,Thursday,WILSON STATION,MUSC,0,0,S,YU,6131
2017/09/07,07:07,Thursday,MAIN STREET STATION,EUSC,0,0,E,BD,5082
2017/09/07,07:12,Thursday,WARDEN STATION,MUSC,3,6,E,BD,5082
2017/09/07,07:34,Thursday,ISLINGTON STATION,TUNIP,3,6,E,BD,5348
2017/09/07,07:41,Thursday,FINCH STATION,MUSC,0,0,S,YU,5866
2017/09/07,07:50,Thursday,KIPLING STATION,TUSC,0,0,W,BD,5214
2017/09/07,07:55,Thursday,EGLINTON STATION,MUPAA,0,0,S,YU,6106
2017/09/07,08:02,Thursday,YORKDALE STATION,EUSC,0,0,N,YU,5971
2017/09/07,08:45,Thursday,QUEEN STATION,MUIR,0,0,S,YU,5431
2017/09/07,08:50,Thursday,UNION STATION,MUIRS,0,0,,YU,0
2017/09/07,09:16,Thursday,UNION STATION,MUIS,0,0,,YU,0
2017/09/07,09:19,Thursday,EGLINTON WEST STATION,EUSC,0,0,N,YU,5381
2017/09/07,09:20,Thursday,WELLESLEY STATION,MUPAA,0,0,S,YU,5936
2017/09/07,09:40,Thursday,EGLINTON WEST STATION,TUOS,3,6,S,YU,6121
2017/09/07,09:55,Thursday,EGLINTON STATION,MUIS,0,0,S,YU,5746
2017/09/07,10:04,Thursday,YONGE BD STATION,PUTIJ,6,9,E,BD,5325
2017/09/07,10:04,Thursday,YORKDALE STATION,EUSC,0,0,N,YU,6026
2017/09/07,10:23,Thursday,COXWELL STATION,EUSC,0,0,E,BD,5325
2017/09/07,10:27,Thursday,LANSDOWNE STATION,MUSC,0,0,E,BD,5275
2017/09/07,10:47,Thursday,FINCH STATION,MUSC,0,0,S,YU,6036
2017/09/07,10:56,Thursday,DUNDAS STATION,MUNCA,0,0,,YU,0
2017/09/07,11:04,Thursday,ST ANDREW STATION,PUSO,0,0,N,YU,5696
2017/09/07,11:23,Thursday,SHERBOURNE STATION,PUMST,0,0,,BD,0
2017/09/07,12:05,Thursday,YONGE UNIVERSITY SUBWA,MUGD,0,0,,YU,0
2017/09/07,12:11,Thursday,BLOOR DANFORTH SUBWAY,MUGD,0,0,,BD,0
2017/09/07,12:36,Thursday,ST GEORGE YUS STATION,TUSC,0,0,S,YU,5891
2017/09/07,13:51,Thursday,COXWELL STATION,TUSC,0,0,W,BD,5135
2017/09/07,14:50,Thursday,ISLINGTON STATION,MUIS,0,0,,BD,0
2017/09/07,16:10,Thursday,SHERBOURNE STATION,MUIR,5,7,E,BD,5084
2017/09/07,16:12,Thursday,ST GEORGE YUS STATION,TUMVS,0,0,S,YU,6101
2017/09/07,16:47,Thursday,KENNEDY BD STATION,TUSC,0,0,E,BD,5062
2017/09/07,17:14,Thursday,GLENCAIRN STATION,MUIS,0,0,N,YU,5961
2017/09/07,17:30,Thursday,DAVISVILLE STATION,MUIR,4,6,N,YU,5561
2017/09/07,17:52,Thursday,ROSEDALE STATION,MUPAA,3,5,N,YU,5646
2017/09/07,18:01,Thursday,KENNEDY BD STATION,SUSA,0,0,,BD,0
2017/09/07,18:32,Thursday,WARDEN STATION,MUIR,9,12,W,BD,5079
2017/09/07,18:40,Thursday,OSGOODE STATION,SUCOL,0,0,S,YU,6101
2017/09/07,18:41,Thursday,PAPE STATION,TUSC,0,0,E,BD,5357
2017/09/07,18:51,Thursday,DONLANDS STATION,MUIS,0,0,W,BD,0
2017/09/07,18:57,Thursday,ST GEORGE BD STATION,PUTNT,3,6,E,BD,5105
2017/09/07,20:22,Thursday,OLD MILL STATION,TUSC,0,0,E,BD,5068
2017/09/07,21:37,Thursday,DUPONT STATION,SUAE,3,6,N,YU,5136
2017/09/07,22:00,Thursday,YUS/BD/SHEPPARD SUBWAY,MUO,0,0,,YU/BD,0
2017/09/07,22:52,Thursday,BLOOR STATION,MUPAA,0,0,N,YU,6006
2017/09/07,23:10,Thursday,BAY STATION,PUSTC,3,7,E,BD,5285
2017/09/08,00:14,Friday,DUNDAS WEST STATION,MUIRS,0,0,W,BD,5357
2017/09/08,05:42,Friday,KIPLING STATION,TUSC,0,0,E,BD,5273
2017/09/08,06:54,Friday,COXWELL STATION,MUSC,0,0,E,BD,5152
2017/09/08,06:55,Friday,BATHURST STATION,TUSC,0,0,W,BD,5261
2017/09/08,07:05,Friday,CHRISTIE STATION,MUSC,0,0,E,BD,5116
2017/09/08,08:07,Friday,BLOOR STATION,MUIRS,0,0,S,YU,0
2017/09/08,08:07,Friday,ST CLAIR WEST STATION,EUSC,0,0,N,YU,5966
2017/09/08,08:08,Friday,WARDEN STATION,EUSC,0,0,W,BD,5319
2017/09/08,08:43,Friday,HIGH PARK STATION,EUSC,0,0,W,BD,5319
2017/09/08,08:47,Friday,JANE STATION,EUSC,3,5,W,BD,5319
2017/09/08,09:47,Friday,JANE STATION,TUSC,0,0,W,BD,5230
2017/09/08,10:16,Friday,ST CLAIR WEST STATION,EUSC,0,0,N,YU,5966
2017/09/08,10:24,Friday,OLD MILL STATION,EUSC,0,0,E,BD,5287
2017/09/08,12:02,Friday,FINCH STATION,MUPAA,0,0,S,YU,6106
2017/09/08,12:05,Friday,YONGE UNIVERSITY SUBWA,MUGD,0,0,,YU,0
2017/09/08,12:47,Friday,ST GEORGE YUS STATION,SUO,8,11,N,YU,6106
2017/09/08,14:07,Friday,OLD MILL STATION,EUSC,0,0,E,BD,5287
2017/09/08,14:32,Friday,ST CLAIR WEST STATION,MUPAA,0,0,S,YU,6006
2017/09/08,14:44,Friday,CHESTER STATION,TUSC,0,0,E,BD,5345
2017/09/08,14:51,Friday,ST CLAIR WEST STATION,MUSC,0,0,N,YU,5696
2017/09/08,15:30,Friday,FINCH STATION,MUIR,0,0,,YU,5866
2017/09/08,15:49,Friday,YONGE BD STATION,MUIS,0,0,,BD,0
2017/09/08,15:58,Friday,WARDEN STATION,MUPLB,13,15,W,BD,5371
2017/09/08,17:13,Friday,ST CLAIR STATION,MUIR,6,8,N,YU,5681
2017/09/08,17:21,Friday,YORK MILLS STATION,TUSC,0,0,S,YU,5916
2017/09/08,17:22,Friday,DAVISVILLE STATION,MUI,3,5,N,YU,5681
2017/09/08,17:31,Friday,KENNEDY BD STATION,MUSC,0,0,W,BD,5137
2017/09/08,17:34,Friday,KIPLING STATION,PUMEL,0,0,,BD,0
2017/09/08,18:12,Friday,OLD MILL STATION,TUMVS,0,0,E,BD,5336
2017/09/08,18:54,Friday,SPADINA BD STATION,MUNCA,0,0,,BD,0
2017/09/08,18:58,Friday,SHEPPARD STATION,PUMEL,0,0,,YU,0
2017/09/08,19:29,Friday,SPADINA YUS STATION,EUBK,0,0,N,YU,5696
2017/09/08,19:38,Friday,GREENWOOD WYE,TUSC,0,0,,BD,5212
2017/09/08,19:43,Friday,MAIN STREET STATION,SUDP,0,0,,BD,0
2017/09/08,20:32,Friday,KENNEDY BD STATION,TUSC,0,0,E,BD,5340
2017/09/08,20:56,Friday,WILSON STATION,TUSC,0,0,N,YU,6071
2017/09/08,21:22,Friday,BATHURST STATION,SUDP,0,0,W,BD,5261
2017/09/08,21:35,Friday,EGLINTON WEST STATION,PUMEL,0,0,,YU,0
2017/09/08,22:00,Friday,YUS/BD/SHEPPARD SUBWAY,MUO,0,0,,YU/BD,0
2017/09/08,23:00,Friday,YONGE UNIVERSITY LINE,MUO,0,0,,YU,0
2017/09/08,23:01,Friday,ST ANDREW STATION,MUPAA,0,0,S,YU,5676
2017/09/08,23:15,Friday,WILSON STATION,MUO,0,0,N,YU,5826
2017/09/09,00:09,Saturday,FINCH STATION,TUO,5,9,S,YU,5741
2017/09/09,00:29,Saturday,ST PATRICK STATION,SUAP,0,0,S,YU,0
2017/09/09,01:56,Saturday,CHRISTIE STATION,MUSC,0,0,E,BD,5212
2017/09/09,03:09,Saturday,WILSON STATION,EUOE,0,0,S,YU,6001
2017/09/09,04:04,Saturday,SHEPPARD STATION,MUIE,0,0,,YU,0
2017/09/09,05:35,Saturday,YONGE SHP STATION,TUSC,0,0,E,SHP,6151
2017/09/09,05:47,Saturday,DON MILLS STATION,MUSC,0,0,W,SHP,6156
2017/09/09,05:48,Saturday,OSGOODE STATION,TUSC,0,0,N,YU,5721
2017/09/09,05:51,Saturday,COXWELL STATION,MUSC,0,0,E,BD,5130
2017/09/09,05:52,Saturday,GREENWOOD STATION,MUSC,0,0,E,BD,5343
2017/09/09,06:00,Saturday,TORONTO TRANSIT COMMIS,MUO,0,0,,SHP,0
2017/09/09,06:00,Saturday,TORONTO TRANSIT COMMIS,MRO,0,0,,SRT,0
2017/09/09,06:00,Saturday,TORONTO TRANSIT COMMIS,MUO,0,0,,YU/BD,0
2017/09/09,06:00,Saturday,YONGE UNIVERSTIY SUBWA,MUO,0,0,,YU,0
2017/09/09,06:03,Saturday,KENNEDY BD STATION,MUSAN,5,10,W,BD,5177
2017/09/09,06:03,Saturday,KIPLING STATION,MUSC,0,0,E,BD,5133
2017/09/09,06:18,Saturday,COXWELL STATION,MUSC,0,0,W,BD,5082
2017/09/09,07:30,Saturday,WOODBINE STATION,EUNT,5,9,W,BD,5350
2017/09/09,07:40,Saturday,KIPLING STATION,MUSC,0,0,W,BD,5133
2017/09/09,08:15,Saturday,WILSON STATION,MUIS,0,0,,YU,0
2017/09/09,10:52,Saturday,OLD MILL STATION,EUSC,0,0,E,BD,5287
2017/09/09,13:48,Saturday,KIPLING STATION,MUI,8,12,E,BD,5030
2017/09/09,15:09,Saturday,BLOOR STATION,MUO,0,0,,YU,0
2017/09/09,15:12,Saturday,ST GEORGE YUS STATION,EUBK,4,8,S,YU,5971
2017/09/09,16:05,Saturday,KIPLING STATION,MUIS,0,0,,BD,0
2017/09/09,16:25,Saturday,ROSEDALE STATION,MUIR,5,9,S,YU,5526
2017/09/09,16:26,Saturday,SPADINA BD STATION,MUPAA,3,7,E,BD,5302
2017/09/09,17:38,Saturday,COXWELL STATION,MUTO,0,0,E,BD,5116
2017/09/09,18:05,Saturday,KENNEDY BD STATION,TUMVS,0,0,E,BD,5100
2017/09/09,19:05,Saturday,LAWRENCE WEST STATION,TUSC,0,0,N,YU,5416
2017/09/09,19:44,Saturday,QUEEN'S PARK STATION,MUIS,0,0,,YU,0
2017/09/09,20:39,Saturday,NORTH YORK CTR STATION,MUIS,0,0,,YU,0
2017/09/09,20:45,Saturday,CHRISTIE STATION,MUO,0,0,E,BD,5221
2017/09/09,21:15,Saturday,HIGH PARK STATION,EUSC,0,0,W,BD,5319
2017/09/09,21:22,Saturday,WOODBINE STATION,MUPLB,6,10,E,BD,5100
2017/09/09,21:34,Saturday,YONGE BD STATION,MUIS,0,0,E,BD,0
2017/09/09,22:00,Saturday,YUS/BD/SHEPPARD SUBWAY,MUO,0,0,,BD,0
2017/09/09,22:25,Saturday,ROYAL YORK STATION,SUROB,0,0,,BD,0
2017/09/09,22:29,Saturday,WARDEN STATION,EUSC,0,0,W,BD,5319
2017/09/09,22:36,Saturday,COXWELL STATION,EUSC,0,0,W,BD,5319
2017/09/09,23:04,Saturday,KENNEDY BD STATION,SUBT,55,59,E,BD,5208
2017/09/09,23:04,Saturday,KENNEDY SRT STATION,SRBT,55,59,S,SRT,3002
2017/09/09,23:49,Saturday,EGLINTON WEST STATION,MUIRS,0,0,N,YU,0
2017/09/10,00:00,Sunday,KENNEDY BD STATION,TUSC,0,0,E,BD,5130
2017/09/10,00:59,Sunday,MUSEUM STATION,MUIS,0,0,,YU,0
2017/09/10,07:32,Sunday,EGLINTON STATION,EUOE,0,0,N,YU,5631
2017/09/10,08:00,Sunday,YONGE UNIVERSITY SUBWA,MUO,0,0,,YU,0
2017/09/10,08:19,Sunday,COXWELL STATION,MUSC,0,0,E,BD,5022
2017/09/10,09:43,Sunday,ST GEORGE BD STATION,MUSC,0,0,E,BD,5291
2017/09/10,10:01,Sunday,ST GEORGE BD STATION,MUSC,0,0,E,BD,5124
2017/09/10,11:00,Sunday,JANE STATION,TUSC,0,0,W,BD,5025
2017/09/10,12:57,Sunday,QUEEN STATION,MUPAA,4,8,S,YU,6006
2017/09/10,13:23,Sunday,GLENCAIRN STATION,TUSC,0,0,N,YU,5526
2017/09/10,13:24,Sunday,DUNDAS STATION,MUPAA,0,0,S,YU,6071
2017/09/10,13:26,Sunday,LAWRENCE WEST STATION,TUSC,0,0,N,YU,6006
2017/09/10,14:20,Sunday,ROSEDALE STATION,MUPAA,0,0,S,YU,5866
2017/09/10,14:21,Sunday,YONGE SHP STATION,PUMST,0,0,,SHP,0
2017/09/10,14:36,Sunday,SHEPPARD STATION,SUDP,4,8,S,YU,6006
2017/09/10,14:37,Sunday,ISLINGTON STATION,TUSC,0,0,E,BD,5188
2017/09/10,15:26,Sunday,ST CLAIR WEST STATION,TUSC,0,0,N,YU,5801
2017/09/10,15:40,Sunday,ST CLAIR WEST STATION,TUSC,0,0,S,YU,6001
2017/09/10,16:07,Sunday,KENNEDY SRT STATION,ERTB,6,11,N,SRT,3013
2017/09/10,16:11,Sunday,LAWRENCE STATION,PUMEL,0,0,,YU,0
2017/09/10,17:15,Sunday,QUEEN STATION,MUPAA,0,0,N,YU,5861
2017/09/10,18:42,Sunday,ROSEDALE STATION,MUTO,0,0,N,YU,6131
2017/09/10,19:51,Sunday,YONGE BD STATION,MUIS,0,0,E,BD,0
2017/09/10,20:47,Sunday,ST CLAIR WEST STATION,TUSC,0,0,S,YU,5861
2017/09/10,20:53,Sunday,WILSON STATION,MUO,0,0,N,YU,0
2017/09/10,21:06,Sunday,JANE STATION,PUMEL,0,0,,BD,0
2017/09/10,21:30,Sunday,LAWRENCE WEST STATION,MUIS,0,0,N,YU,0
2017/09/10,21:56,Sunday,EGLINTON STATION,MUTO,4,8,S,YU,5911
2017/09/10,22:00,Sunday,BLOOR DANFORTH SUBWAY,MUGD,0,0,,BD,0
2017/09/10,22:00,Sunday,YUS/BD/SHEPPARD SUBWAY,MUO,0,0,,YU/BD,0
2017/09/10,23:00,Sunday,DUNDAS STATION,MUO,0,0,S,YU,5661
2017/09/10,23:45,Sunday,KENNEDY BD STATION,EUNT,4,8,W,BD,5123
2017/09/11,00:16,Monday,BROADVIEW STATION,MUTO,7,11,W,BD,5156
2017/09/11,01:15,Monday,BLOOR STATION,MUPAA,3,7,N,YU,5991
2017/09/11,01:17,Monday,ISLINGTON STATION,TUSC,0,0,W,BD,5127
2017/09/11,02:15,Monday,EGLINTON STATION,MUSC,0,0,S,YU,6006
2017/09/11,03:02,Monday,EGLINTON WEST STATION,TUMVS,0,0,N,YU,5906
2017/09/11,06:23,Monday,JANE STATION,TUSC,0,0,W,BD,5025
2017/09/11,07:00,Monday,DUNDAS STATION,MUIS,0,0,,YU,0
2017/09/11,07:42,Monday,KIPLING STATION,EUBK,3,5,W,BD,5084
2017/09/11,07:55,Monday,FINCH STATION,MUSC,0,0,S,YU,6036
2017/09/11,08:13,Monday,BLOOR STATION,MUI,3,5,S,YU,6136
2017/09/11,08:13,Monday,KIPLING STATION,MUSAN,3,5,W,BD,5173
2017/09/11,08:34,Monday,JANE STATION,TUSC,0,0,W,BD,5287
2017/09/11,08:39,Monday,UNION STATION,PUMO,0,0,,YU,0
2017/09/11,08:48,Monday,COLLEGE STATION,MUI,7,9,S,YU,6081
2017/09/11,09:01,Monday,ST GEORGE BD STATION,MUSC,0,0,W,BD,5320
2017/09/11,09:20,Monday,DUNDAS STATION,MUIR,3,5,S,YU,5976
2017/09/11,10:11,Monday,DAVISVILLE STATION,MUSC,0,0,N,YU,5666
2017/09/11,10:12,Monday,VICTORIA PARK STATION,EUDO,8,11,W,BD,5235
2017/09/11,10:15,Monday,PAPE STATION,MUIS,0,0,W,BD,0
2017/09/11,11:01,Monday,KEELE STATION,TUMVS,0,0,W,BD,5336
2017/09/11,11:18,Monday,KIPLING STATION,TUSC,0,0,W,BD,5336
2017/09/11,11:31,Monday,KENNEDY BD STATION,MUSC,0,0,W,BD,5068
2017/09/11,12:22,Monday,BAY STATION,MUPAA,3,6,E,BD,5291
2017/09/11,13:21,Monday,SCARB CTR STATION,MRUI,0,0,,SRT,0
2017/09/11,14:54,Monday,WARDEN STATION,TUSC,0,0,E,BD,5302
2017/09/11,15:24,Monday,GREENWOOD STATION,PUSTC,3,5,W,BD,5068
2017/09/11,15:40,Monday,YORKDALE STATION,SUCOL,0,0,S,YU,5991
2017/09/11,15:55,Monday,VICTORIA PARK STATION,EUSC,0,0,,BD,5212
2017/09/11,16:16,Monday,UNION STATION,MUNCA,0,0,,YU,0
2017/09/11,17:19,Monday,KENNEDY BD STATION,MUPAA,0,0,W,BD,5245
2017/09/11,18:02,Monday,ST GEORGE YUS STATION,MUIS,0,0,,YU,0
2017/09/11,18:13,Monday,KEELE STATION,EUSC,0,0,W,BD,5212
2017/09/11,18:36,Monday,ISLINGTON STATION,MUDD,4,6,W,BD,5137
2017/09/11,19:28,Monday,WARDEN STATION,TUMVS,3,6,W,BD,5212
2017/09/11,20:38,Monday,COXWELL STATION,MUSC,0,0,W,BD,5325
2017/09/11,20:56,Monday,DUPONT STATION,TUSC,0,0,S,YU,6041
2017/09/11,20:58,Monday,OSSINGTON STATION,MUSC,0,0,E,BD,5332
2017/09/11,21:30,Monday,BATHURST STATION,SUDP,3,7,W,BD,5105
2017/09/11,21:33,Monday,KENNEDY BD STATION,MUIS,0,0,,BD,0
2017/09/11,22:00,Monday,YUS/BD/SHEPPARD SUBWAY,MUO,0,0,,BD,0
2017/09/11,22:06,Monday,CHESTER STATION,SUUT,0,0,E,BD,5301
2017/09/11,22:19,Monday,WILSON STATION,MUO,0,0,N,YU,6106
2017/09/11,22:20,Monday,ST GEORGE BD STATION,PUSTC,0,0,E,BD,5102
2017/09/11,22:34,Monday,COXWELL STATION,MUPAA,0,0,W,BD,5239
2017/09/11,23:00,Monday,DUNDAS STATION,MUO,0,0,S,YU,5406
2017/09/11,23:10,Monday,YONGE UNIVERSITY LINE,MUGD,0,0,,YU,0
2017/09/11,23:25,Monday,COLLEGE STATION,MUD,4,8,N,YU,5686
2017/09/11,23:45,Monday,ST ANDREW STATION,MUIS,0,0,S,YU,0
2017/09/12,00:14,Tuesday,ST GEORGE YUS STATION,SUDP,5,9,S,YU,5985
2017/09/12,00:50,Tuesday,ST GEORGE BD STATION,EUSC,0,0,W,BD,5010
2017/09/12,01:26,Tuesday,LAWRENCE STATION,MUSC,0,0,S,YU,5956
2017/09/12,01:27,Tuesday,BATHURST STATION,MUPLB,11,15,E,BD,5239
2017/09/12,05:29,Tuesday,WILSON STATION,PUTOE,0,0,N,YU,0
2017/09/12,05:45,Tuesday,DONLANDS STATION,PUTOE,0,0,E,BD,28
2017/09/12,07:40,Tuesday,BAY STATION,MUIR,5,7,W,BD,5084
2017/09/12,07:41,Tuesday,KIPLING STATION,TUSC,3,5,W,BD,5040
2017/09/12,07:44,Tuesday,LAWRENCE STATION,EUSC,0,0,N,YU,6041
2017/09/12,08:04,Tuesday,GLENCAIRN STATION,MUPAA,0,0,N,YU,5841
2017/09/12,08:24,Tuesday,GREENWOOD STATION,MUIR,6,8,W,BD,5134
2017/09/12,08:31,Tuesday,DUNDAS WEST STATION,PUMEL,0,0,,BD,0
2017/09/12,08:34,Tuesday,SUMMERHILL STATION,MUPAA,0,0,N,YU,5671
2017/09/12,08:36,Tuesday,ST GEORGE YUS STATION,TUSC,0,0,S,YU,6006
2017/09/12,09:09,Tuesday,ROYAL YORK STATION,MUPR1,90,93,W,BD,5287
2017/09/12,09:12,Tuesday,HIGH PARK STATION,MUSC,0,0,W,BD,5342
2017/09/12,09:56,Tuesday,SHERBOURNE STATION,TUKEY,3,7,E,BD,5226
2017/09/12,10:13,Tuesday,SHERBOURNE STATION,MUI,10,13,W,BD,5332
2017/09/12,10:34,Tuesday,WARDEN STATION,MUSC,0,0,W,BD,5325
2017/09/12,11:01,Tuesday,KEELE STATION,EUSC,0,0,W,BD,5010
2017/09/12,11:28,Tuesday,ISLINGTON STATION,EUNT,4,7,W,BD,5235
2017/09/12,11:41,Tuesday,OLD MILL STATION,TUSC,0,0,E,BD,5275
2017/09/12,11:43,Tuesday,FINCH STATION,SUDP,3,6,S,YU,5976
2017/09/12,12:21,Tuesday,SHEPPARD STATION,MUIS,0,0,,YU,0
2017/09/12,12:25,Tuesday,LAWRENCE STATION,MUPAA,0,0,N,YU,5686
2017/09/12,13:01,Tuesday,KIPLING STATION,TUSC,0,0,W,BD,5354
2017/09/12,13:02,Tuesday,ISLINGTON STATION,SUAE,3,6,W,BD,5010
2017/09/12,13:23,Tuesday,WELLESLEY STATION,SUCOL,0,0,S,YU,5401
2017/09/12,14:19,Tuesday,WARDEN STATION,EUCD,4,7,W,BD,5235
2017/09/12,14:28,Tuesday,OLD MILL STATION,SUDP,19,22,E,BD,5194
2017/09/12,14:40,Tuesday,BATHURST STATION,MUSC,0,0,E,BD,5339
2017/09/12,14:43,Tuesday,MAIN STREET STATION,MUSC,0,0,W,BD,5136
2017/09/12,14:45,Tuesday,CASTLE FRANK STATION,MUIR,0,0,W,BD,5158
2017/09/12,15:02,Tuesday,COLLEGE STATION,SUUT,7,10,N,YU,6016
2017/09/12,15:16,Tuesday,RUNNYMEDE STATION,TUSC,0,0,W,BD,5281
2017/09/12,16:01,Tuesday,KENNEDY BD STATION,TUO,2,5,E,BD,5194
2017/09/12,16:16,Tuesday,RUNNYMEDE STATION,TUOS,0,0,E,BD,5217
2017/09/12,16:16,Tuesday,SHEPPARD WEST STATION,MUSC,0,0,,YU,5686
2017/09/12,16:26,Tuesday,VICTORIA PARK STATION,EUSC,0,0,W,BD,5010
2017/09/12,16:50,Tuesday,VICTORIA PARK STATION,MUPLB,27,29,W,BD,5285
2017/09/12,17:05,Tuesday,SHEPPARD STATION,MUPAA,5,7,S,YU,5926
2017/09/12,17:07,Tuesday,WARDEN STATION,TUSC,0,0,E,BD,5307
2017/09/12,17:15,Tuesday,ST CLAIR STATION,MUPAA,0,0,S,YU,6026
2017/09/12,17:21,Tuesday,DUNDAS WEST STATION,PUMEL,0,0,,BD,0
2017/09/12,17:37,Tuesday,ST CLAIR WEST STATION,TUSC,0,0,N,YU,5826
2017/09/12,17:57,Tuesday,DUFFERIN STATION,MUPAA,0,0,W,BD,5354
2017/09/12,18:06,Tuesday,QUEEN'S PARK STATION,MUPAA,0,0,S,YU,6131
2017/09/12,18:11,Tuesday,YONGE BD STATION,MUIR,4,6,E,BD,5186
2017/09/12,18:19,Tuesday,SHEPPARD WEST STATION,SUO,3,5,,YU,5796
2017/09/12,18:32,Tuesday,HIGH PARK STATION,MUSC,0,0,E,BD,5156
2017/09/12,18:36,Tuesday,NORTH YORK CTR STATION,MUIR,0,0,N,YU,5911
2017/09/12,18:38,Tuesday,DONLANDS STATION,EUSC,0,0,W,BD,5010
2017/09/12,19:02,Tuesday,RUNNYMEDE STATION,PUMST,0,0,,BD,0
2017/09/12,19:27,Tuesday,CHRISTIE STATION,MUI,9,11,W,BD,5160
2017/09/12,19:45,Tuesday,DUNDAS WEST STATION,TUSC,0,0,W,BD,5010
2017/09/12,19:47,Tuesday,DUNDAS WEST STATION,TUSC,0,0,W,BD,5205
2017/09/12,19:57,Tuesday,WILSON STATION,SUUT,12,15,N,YU,5841
2017/09/12,20:12,Tuesday,FINCH STATION,MUSC,0,0,S,YU,6011
2017/09/12,20:57,Tuesday,JANE STATION,TUSC,0,0,W,BD,5281
2017/09/12,21:02,Tuesday,LAWRENCE EAST STATION,SRDP,15,20,N,SRT,3007
2017/09/12,21:09,Tuesday,JANE STATION,MUPAA,4,7,W,BD,5230
2017/09/12,21:18,Tuesday,YONGE BD STATION,MUIR,4,8,E,BD,5058
2017/09/12,21:24,Tuesday,JANE STATION,PUSTC,0,0,E,BD,5245
2017/09/12,21:26,Tuesday,DONLANDS STATION,EUSC,0,0,W,BD,5010
2017/09/12,21:36,Tuesday,UNION STATION,TUMVS,10,15,N,YU,5401
2017/09/12,22:00,Tuesday,YUS/BD/SHEPPARD SUBWAY,MUO,0,0,,YU/BD,0
2017/09/12,22:06,Tuesday,ROSEDALE STATION,SUO,3,8,N,YU,5381
2017/09/12,22:44,Tuesday,ISLINGTON STATION,PUSTS,0,0,E,BD,5082
2017/09/12,22:44,Tuesday,VICTORIA PARK STATION,EUSC,0,0,W,BD,5325
2017/09/12,23:00,Tuesday,DUNDAS STATION,MUO,0,0,N,YU,5381
2017/09/12,23:12,Tuesday,DONLANDS STATION,EUSC,0,0,W,BD,5010
2017/09/12,23:15,Tuesday,CHRISTIE STATION,MUI,0,0,E,BD,5340
2017/09/12,23:31,Tuesday,OSSINGTON STATION,MUI,7,12,W,BD,5010
2017/09/12,23:40,Tuesday,LANSDOWNE STATION,SUUT,9,13,E,BD,0
2017/09/13,00:50,Wednesday,YONGE SHP STATION,TUO,12,17,E,SHP,6186
2017/09/13,01:48,Wednesday,WARDEN STATION,SUAP,27,0,E,BD,5222
2017/09/13,02:22,Wednesday,DON MILLS STATION,MUO,0,0,,SHP,0
2017/09/13,06:05,Wednesday,DONLANDS STATION,EUSC,0,0,W,BD,5010
2017/09/13,06:27,Wednesday,WOODBINE STATION,MUPLB,20,24,E,BD,5356
2017/09/13,07:00,Wednesday,BATHURST STATION,MUO,0,0,,BD,0
2017/09/13,07:05,Wednesday,DONLANDS STATION,TUMVS,0,0,E,BD,5156
2017/09/13,07:16,Wednesday,KIPLING STATION,MUSC,0,0,E,BD,5234
2017/09/13,07:47,Wednesday,YONGE BD STATION,MUIR,0,0,E,BD,5105
2017/09/13,08:00,Wednesday,COLLEGE STATION,MUIR,5,7,S,YU,5456
2017/09/13,08:45,Wednesday,BLOOR STATION,MUD,3,5,S,YU,5591
2017/09/13,09:12,Wednesday,QUEEN'S PARK STATION,PUMEL,0,0,,YU,0
2017/09/13,09:18,Wednesday,DAVISVILLE STATION,MUSC,0,0,N,YU,5896
2017/09/13,11:30,Wednesday,YONGE UNIVERSITY SUBWA,MUGD,0,0,,YU,0
2017/09/13,13:13,Wednesday,BROADVIEW STATION,SUDP,6,9,W,BD,5118
2017/09/13,13:22,Wednesday,LANSDOWNE STATION,MUIR,17,20,E,BD,5234
2017/09/13,13:28,Wednesday,KIPLING STATION,TUSC,0,0,W,BD,5245
2017/09/13,13:36,Wednesday,NORTH YORK CTR STATION,MUIS,0,0,S,YU,0
2017/09/13,13:43,Wednesday,GREENWOOD STATION,EUTR,3,6,W,BD,5010
2017/09/13,13:51,Wednesday,LANSDOWNE STATION,SUO,6,9,E,BD,5342
2017/09/13,14:42,Wednesday,COXWELL STATION,TUNIP,7,10,W,BD,5158
2017/09/13,14:59,Wednesday,KENNEDY BD STATION,MUO,3,5,E,BD,5336
2017/09/13,15:40,Wednesday,ST CLAIR STATION,SUSA,0,0,,YU,0
2017/09/13,15:56,Wednesday,KIPLING STATION,TUSC,0,0,W,BD,5133
2017/09/13,16:22,Wednesday,MAIN STREET STATION,EUNT,3,5,E,BD,5090
2017/09/13,16:59,Wednesday,KENNEDY BD STATION,MUPAA,3,5,W,BD,5307
2017/09/13,17:24,Wednesday,JANE STATION,PUSTC,0,0,W,BD,5110
2017/09/13,17:38,Wednesday,COLLEGE STATION,MUPAA,0,0,S,YU,5966
2017/09/13,17:53,Wednesday,EGLINTON WEST STATION,TUOS,3,5,S,YU,6086
2017/09/13,18:27,Wednesday,SHEPPARD STATION,MUPAA,0,0,N,YU,5786
2017/09/13,20:10,Wednesday,YORKDALE STATION,MUIS,0,0,,YU,0
2017/09/13,20:35,Wednesday,KIPLING STATION,MUIS,0,0,,BD,0
2017/09/13,20:37,Wednesday,SCARB CTR STATION,MRUI,0,0,,SRT,0
2017/09/13,20:49,Wednesday,WILSON STATION,SUSA,0,0,,YU,0
2017/09/13,21:17,Wednesday,ST CLAIR WEST STATION,TUMVS,0,0,N,YU,5386
2017/09/13,21:37,Wednesday,ISLINGTON STATION,SUUT,4,9,W,BD,5189
2017/09/13,21:58,Wednesday,SHERBOURNE STATION,SUDP,19,24,E,BD,5325
2017/09/13,22:00,Wednesday,YONGE UNIVERSITY LINE,MUO,0,0,,YU/BD,0
2017/09/13,22:20,Wednesday,OSSINGTON STATION,TUMVS,5,8,E,BD,5312
2017/09/13,23:00,Wednesday,DUNDAS STATION,MUO,0,0,S,YU,5491
2017/09/13,23:20,Wednesday,SHEPPARD WEST STATION,TUNOA,0,0,S,YU,5426
2017/09/13,23:24,Wednesday,SPADINA BD STATION,MUIS,0,0,E,BD,5065
2017/09/13,23:25,Wednesday,BLOOR DANFORTH SUBWAY,MUGD,0,0,,BD,0
2017/09/13,23:30,Wednesday,BLOOR DANFORTH SUBWAY,MUGD,0,0,,BD,0
2017/09/14,00:07,Thursday,ST CLAIR WEST STATION,EUBK,4,8,S,YU,5381
2017/09/14,00:44,Thursday,YORKDALE STATION,EUBK,4,8,N,YU,5826
2017/09/14,01:24,Thursday,WILSON YARD,TUMVS,0,0,S,YU,5821
2017/09/14,05:47,Thursday,KIPLING STATION,MUSC,0,0,E,BD,5208
2017/09/14,05:59,Thursday,GREENWOOD STATION,MUSC,0,0,E,BD,5354
2017/09/14,06:02,Thursday,KIPLING STATION,MUSC,0,0,E,BD,5048
2017/09/14,06:51,Thursday,CHRISTIE STATION,MUSC,0,0,E,BD,5180
2017/09/14,06:55,Thursday,YONGE BD STATION,EUPI,5,8,E,BD,5350
2017/09/14,07:45,Thursday,WILSON STATION,TUMVS,0,0,N,YU,5386
2017/09/14,08:21,Thursday,EGLINTON STATION,MUPAA,0,0,S,YU,5676
2017/09/14,09:05,Thursday,SHERBOURNE STATION,MUIR,6,8,W,BD,5339
2017/09/14,09:43,Thursday,KIPLING STATION,MUIS,0,0,,BD,0
2017/09/14,09:46,Thursday,JANE STATION,PUSTC,0,0,W,BD,5345
2017/09/14,10:10,Thursday,LAWRENCE WEST STATION,MUSC,0,0,S,YU,5421
2017/09/14,10:14,Thursday,FINCH STATION,MUIR,3,5,S,YU,5767
2017/09/14,10:17,Thursday,QUEEN'S PARK STATION,MUIS,0,0,,YU,0
2017/09/14,11:27,Thursday,ROSEDALE STATION,SUDP,3,6,S,YU,6026
2017/09/14,12:44,Thursday,LAWRENCE STATION,MUSC,0,0,S,YU,5806
2017/09/14,12:55,Thursday,KENNEDY SRT STATION,SRUT,5,10,S,SRT,3016
2017/09/14,13:49,Thursday,MAIN STREET STATION,PUSTS,0,0,W,BD,5289
2017/09/14,14:22,Thursday,ROYAL YORK STATION,TUSC,0,0,W,BD,5216
2017/09/14,14:37,Thursday,UNION STATION,SUO,4,7,N,YU,6071
2017/09/14,15:05,Thursday,DONLANDS STATION,EUDO,4,6,E,BD,5294
2017/09/14,15:27,Thursday,BAYVIEW STATION,MUNCA,0,0,,SHP,0
2017/09/14,15:41,Thursday,GREENWOOD STATION,EUCD,3,5,W,BD,5060
2017/09/14,16:38,Thursday,EGLINTON STATION,TUNIP,5,7,N,YU,5456
2017/09/14,17:15,Thursday,MAIN STREET STATION,TUOS,3,5,W,BD,5216
2017/09/14,17:28,Thursday,WOODBINE STATION,MUSC,0,0,W,BD,5084
2017/09/14,17:32,Thursday,COLLEGE STATION,MUPAA,0,0,N,YU,5436
2017/09/14,17:33,Thursday,VICTORIA PARK STATION,MUSC,0,0,E,BD,5048
2017/09/14,18:11,Thursday,DUPONT STATION,MUIS,0,0,S,YU,5401
2017/09/14,19:28,Thursday,BATHURST STATION,TUSC,0,0,W,BD,5289
2017/09/14,19:29,Thursday,SHEPPARD STATION,PUMEL,0,0,,YU,0
2017/09/14,20:24,Thursday,DAVISVILLE STATION,MUSC,0,0,N,YU,5381
2017/09/14,21:29,Thursday,PAPE STATION,MUO,0,0,,BD,0
2017/09/14,22:00,Thursday,YUS/BD/SHEPPARD SUBWAY,MUO,0,0,,YU/BD,0
2017/09/14,22:52,Thursday,FINCH STATION,MUIR,4,8,S,YU,5426
2017/09/14,23:00,Thursday,DUNDAS STATION,MUO,0,0,S,YU,6091
2017/09/14,23:40,Thursday,WOODBINE STATION,MUSC,0,0,W,BD,5269
2017/09/15,00:35,Friday,ROYAL YORK STATION,SUUT,0,0,W,BD,5102
2017/09/15,01:29,Friday,ELLESMERE STATION,ERNT,9,14,N,SRT,3005
2017/09/15,01:36,Friday,OSSINGTON STATION,MUI,16,21,W,BD,5230
2017/09/15,03:19,Friday,ISLINGTON STATION,SUCOL,0,0,,BD,0
2017/09/15,03:41,Friday,LAWRENCE STATION,EUVE,0,0,S,YU,0
2017/09/15,05:20,Friday,FINCH STATION,EUSC,0,0,S,YU,5791
2017/09/15,06:41,Friday,WARDEN STATION,MUSC,0,0,W,BD,5110
2017/09/15,06:49,Friday,SHEPPARD WEST STATION,EUBK,3,6,S,YU,5796
2017/09/15,07:47,Friday,KENNEDY BD STATION,MUSC,0,0,W,BD,5361
2017/09/15,08:14,Friday,ST CLAIR WEST STATION,TUMVS,0,0,S,YU,5811
2017/09/15,08:28,Friday,QUEEN STATION,EUSC,0,0,N,YU,5966
2017/09/15,09:49,Friday,CHRISTIE STATION,TUSC,0,0,E,BD,5234
2017/09/15,09:50,Friday,QUEEN'S PARK STATION,PUMEL,0,0,,YU,0
2017/09/15,10:06,Friday,SUMMERHILL STATION,SUUT,6,9,S,YU,5971
2017/09/15,10:32,Friday,YONGE BD STATION,MUSAN,3,6,E,BD,5123
2017/09/15,10:44,Friday,VICTORIA PARK STATION,MUPAA,3,6,W,BD,5261
2017/09/15,11:40,Friday,SPADINA YUS STATION,MUDD,4,7,S,YU,6101
2017/09/15,11:46,Friday,ST GEORGE YUS STATION,MUIS,0,0,,YU,0
2017/09/15,12:12,Friday,YONGE SHP STATION,SUAP,0,0,,SHP,0
2017/09/15,12:37,Friday,WOODBINE STATION,MUSC,0,0,W,BD,5261
2017/09/15,12:51,Friday,KENNEDY BD STATION,TUKEY,3,7,W,BD,5102
2017/09/15,13:23,Friday,WARDEN STATION,PUSRA,5,8,W,BD,5113
2017/09/15,13:31,Friday,ST CLAIR STATION,MUIR,0,0,,YU,0
2017/09/15,13:35,Friday,DON MILLS STATION,SUDP,6,11,W,SHP,6151
2017/09/15,14:30,Friday,ISLINGTON STATION,TUSC,0,0,W,BD,5271
2017/09/15,15:04,Friday,DON MILLS STATION,TUSC,0,0,E,SHP,6151
2017/09/15,15:06,Friday,KING STATION,MUPAA,3,6,N,YU,6121
2017/09/15,15:22,Friday,YORK MILLS STATION,MUI,34,37,N,YU,5681
2017/09/15,15:41,Friday,KENNEDY BD STATION,MUIE,0,0,W,BD,5273
2017/09/15,15:53,Friday,KIPLING STATION,PUSO,0,0,W,BD,5110
2017/09/15,16:07,Friday,DONLANDS STATION,EUBK,3,6,W,BD,5133
2017/09/15,16:17,Friday,LAWRENCE STATION,MUPAA,0,0,S,YU,5836
2017/09/15,16:30,Friday,QUEEN STATION,EUSC,0,0,N,YU,5966
2017/09/15,16:33,Friday,BLOOR STATION,MUIS,0,0,N,YU,0
2017/09/15,16:54,Friday,DUPONT STATION,MUPAA,0,0,S,YU,6121
2017/09/15,17:02,Friday,DUPONT STATION,TUSC,0,0,S,YU,5491
2017/09/15,17:03,Friday,ROYAL YORK STATION,TUSC,0,0,E,BD,5153
2017/09/15,17:03,Friday,YORK MILLS STATION,MUSC,0,0,S,YU,5986
2017/09/15,17:20,Friday,SHERBOURNE STATION,MUPAA,4,6,E,BD,5250
2017/09/15,17:26,Friday,DONLANDS STATION,SUDP,6,8,E,BD,5280
2017/09/15,19:25,Friday,BESSARION STATION,TUMVS,5,11,E,SHP,6141
2017/09/15,19:36,Friday,PAPE STATION,MUPAA,3,6,W,BD,5129
2017/09/15,20:13,Friday,ISLINGTON STATION,SUUT,0,0,E,BD,5084
2017/09/15,20:18,Friday,ST ANDREW STATION,MUTD,0,0,S,YU,5396
2017/09/15,22:00,Friday,YUS/BD/SHEPPARD SUBWAY,MUO,0,0,,BD/YU,0
2017/09/15,22:01,Friday,CHRISTIE STATION,MUSC,0,0,E,BD,5289
2017/09/15,22:09,Friday,ROYAL YORK STATION,TUSC,0,0,W,BD,5024
2017/09/15,22:20,Friday,DON MILLS STATION,PUOPO,3,8,W,SHP,6161
2017/09/15,23:00,Friday,DUNDAS STATION,MUO,0,0,N,YU,5706
2017/09/15,23:20,Friday,BLOOR DANFORTH SUBWAY,MUGD,0,0,,BD,0
2017/09/15,23:20,Friday,LAWRENCE EAST STATION,MRUI,0,0,N,SRT,0
2017/09/15,23:21,Friday,FINCH STATION,PUMEL,0,0,,YU,0
2017/09/15,23:32,Friday,COLLEGE STATION,SUAP,0,0,S,YU,0
2017/09/15,23:43,Friday,DUFFERIN STATION,SUDP,3,8,E,BD,5371
2017/09/15,23:50,Friday,BATHURST STATION,SUDP,4,9,E,BD,5371
2017/09/15,23:56,Friday,DUNDAS WEST STATION,MUIS,0,0,E,BD,0
2017/09/16,00:02,Saturday,WOODBINE STATION,MUIS,0,0,,BD,0
2017/09/16,00:57,Saturday,ST GEORGE YUS STATION,TUSC,0,0,S,YU,5801
2017/09/16,02:00,Saturday,ST GEORGE YUS STATION,PUTOE,0,0,N,YU,0
2017/09/16,02:01,Saturday,BROADVIEW STATION,PUTOE,0,0,E,BD,17
2017/09/16,06:00,Saturday,DUNDAS STATION,MUO,0,0,,YU,0
2017/09/16,06:00,Saturday,YONGE UNIVERSITY LINE,MUO,0,0,,YU,0
2017/09/16,06:16,Saturday,QUEEN STATION,TUO,4,8,N,YU,5551
2017/09/16,08:45,Saturday,DUNDAS STATION,TUO,0,0,N,YU,5846
2017/09/16,10:55,Saturday,WELLESLEY STATION,MUIS,6,9,N,YU,6086
2017/09/16,11:10,Saturday,OSGOODE STATION,SUUT,0,0,N,YU,5836
2017/09/16,11:11,Saturday,DAVISVILLE STATION,MUSC,0,0,N,YU,6136
2017/09/16,11:54,Saturday,COLLEGE STATION,MUPAA,0,0,N,YU,5851
2017/09/16,12:37,Saturday,KIPLING STATION,MUSC,0,0,E,BD,5130
2017/09/16,12:54,Saturday,YORK MILLS STATION,SUO,12,16,N,YU,5816
2017/09/16,14:58,Saturday,ST CLAIR STATION,TUMVS,0,0,S,YU,5411
2017/09/16,15:49,Saturday,SCARB CTR STATION,SRAP,0,0,,SRT,0
2017/09/16,18:36,Saturday,FINCH STATION,MUIR,0,0,,YU,0
2017/09/16,20:18,Saturday,DONLANDS STATION,SUAP,6,10,E,BD,5159
2017/09/16,21:08,Saturday,WARDEN STATION,MUIS,0,0,W,BD,0
2017/09/16,23:00,Saturday,YONGE UNIVERSITY LINE,MUO,0,0,,YU/BD,0
2017/09/16,23:15,Saturday,WARDEN STATION,MUIS,0,0,,BD,0
2017/09/16,23:40,Saturday,JANE STATION,MUIS,0,0,,BD,0
2017/09/17,00:21,Sunday,ROSEDALE STATION,TUOS,0,0,N,YU,6066
2017/09/17,01:01,Sunday,FINCH STATION,MUIS,0,0,,YU,0
2017/09/17,01:42,Sunday,YONGE SHP STATION,TUSC,0,0,E,SHP,6151
2017/09/17,01:48,Sunday,FINCH STATION,TUMVS,0,0,N,YU,6136
2017/09/17,02:03,Sunday,VICTORIA PARK STATION,TUOS,0,0,E,BD,5153
2017/09/17,07:59,Sunday,KIPLING STATION,TUNIP,3,0,E,BD,5117
2017/09/17,08:00,Sunday,DUNDAS STATION,MUO,0,0,S,YU,5816
2017/09/17,08:00,Sunday,YUS/BD/SHEPPARD SUBWAY,MUO,0,0,,YU,0
2017/09/17,10:45,Sunday,LAWRENCE STATION,MUNCA,0,0,,YU,0
2017/09/17,11:50,Sunday,YORKDALE STATION,PUSO,0,0,S,YU,5811
2017/09/17,12:50,Sunday,BATHURST STATION,TUOS,3,7,W,BD,5084
2017/09/17,14:43,Sunday,GREENWOOD STATION,SUAE,0,0,W,BD,5292
2017/09/17,15:44,Sunday,WELLESLEY STATION,TUO,6,10,N,YU,5951
2017/09/17,16:28,Sunday,OLD MILL STATION,TUSC,0,0,E,BD,5022
2017/09/17,16:42,Sunday,WELLESLEY STATION,MUPAA,3,6,N,YU,5991
2017/09/17,17:46,Sunday,SHEPPARD WEST STATION,MUSC,0,0,S,YU,5451
2017/09/17,17:58,Sunday,FINCH STATION,MUPAA,3,7,N,YU,5931
2017/09/17,18:10,Sunday,KIPLING STATION,MUIR,4,8,E,BD,5211
2017/09/17,18:22,Sunday,SHEPPARD STATION,MUPAA,0,0,N,YU,5586
2017/09/17,19:21,Sunday,ST GEORGE YUS STATION,TUSC,0,0,S,YU,5586
2017/09/17,19:55,Sunday,BROADVIEW STATION,MUIS,0,0,E,BD,0
2017/09/17,21:07,Sunday,LANSDOWNE STATION,SUAP,14,18,E,BD,5371
2017/09/17,21:11,Sunday,FINCH STATION,TUMVS,0,0,N,YU,6136
2017/09/17,21:22,Sunday,BAY STATION,TUKEY,7,11,E,BD,5154
2017/09/17,22:00,Sunday,YONGE UNIVERSITY LINE,MUO,0,0,,BD,0
2017/09/17,22:22,Sunday,WARDEN STATION,MUSC,0,0,W,BD,5273
2017/09/17,22:30,Sunday,BLOOR DANFORTH SUBWAY,MUGD,0,0,,BD,0
2017/09/17,22:45,Sunday,QUEEN'S PARK STATION,TUSC,0,0,S,YU,5801
2017/09/17,23:50,Sunday,JANE STATION,MUIS,0,0,,BD,0
2017/09/18,00:27,Monday,SHEPPARD WEST STATION,TUO,0,0,N,YU,5776
2017/09/18,00:49,Monday,KIPLING STATION,PUMEL,0,0,E,BD,5180
2017/09/18,05:07,Monday,JANE STATION,MUNCA,0,0,,BD,0
2017/09/18,05:28,Monday,CHRISTIE STATION,PUTWZ,7,11,W,BD,5270
2017/09/18,05:37,Monday,WILSON STATION,MUSC,0,0,S,YU,5646
2017/09/18,05:41,Monday,KENNEDY BD STATION,TUSC,0,0,W,BD,5134
2017/09/18,06:01,Monday,DONLANDS STATION,MUSC,0,0,W,BD,5183
2017/09/18,06:55,Monday,FINCH STATION,MUSC,0,0,S,YU,6021
2017/09/18,07:10,Monday,BROADVIEW STATION,EUDO,7,9,W,BD,5336
2017/09/18,07:23,Monday,KENNEDY BD STATION,MUSC,0,0,W,BD,5343
2017/09/18,07:28,Monday,LAWRENCE STATION,MUIR,4,6,S,YU,5551
2017/09/18,07:40,Monday,KENNEDY BD STATION,TUSC,0,0,W,BD,5183
2017/09/18,07:44,Monday,ST GEORGE YUS STATION,MUD,4,6,S,YU,5976
2017/09/18,08:12,Monday,BLOOR STATION,MUIR,0,0,S,YU,5861
2017/09/18,08:26,Monday,ST ANDREW STATION,EUDO,6,8,S,YU,5591
2017/09/18,08:38,Monday,BLOOR STATION,MUIRS,0,0,N,YU,0
2017/09/18,08:42,Monday,QUEEN'S PARK STATION,MUIR,0,0,S,YU,5561
2017/09/18,08:46,Monday,QUEEN'S PARK STATION,PUMEL,0,0,,YU,0
2017/09/18,08:51,Monday,OSSINGTON STATION,MUIR,7,9,E,BD,5132
2017/09/18,09:20,Monday,ROSEDALE STATION,MUIR,5,7,S,YU,5466
2017/09/18,09:29,Monday,FINCH STATION,MUSC,0,0,S,YU,6021
2017/09/18,09:33,Monday,SHERBOURNE STATION,MUI,6,9,W,BD,5343
2017/09/18,09:41,Monday,QUEEN STATION,MUIS,0,0,N,YU,0
2017/09/18,09:45,Monday,QUEEN STATION,TUOS,0,0,S,YU,5596
2017/09/18,10:29,Monday,ST CLAIR WEST STATION,MUSC,3,6,N,YU,5546
2017/09/18,10:31,Monday,ST GEORGE BD STATION,MUSC,0,0,E,BD,5131
2017/09/18,12:05,Monday,BLOOR DANFORTH SUBWAY,MUGD,0,0,,BD,0
2017/09/18,12:07,Monday,YONGE UNIVERSITY LINE,MUGD,0,0,,YU,0
2017/09/18,12:11,Monday,YONGE BD STATION,TUSC,0,0,E,BD,5256
2017/09/18,12:58,Monday,YONGE BD STATION,MUIS,0,0,W,BD,0
2017/09/18,13:55,Monday,ST CLAIR STATION,MUIRS,0,0,S,YU,5836
2017/09/18,14:13,Monday,CHRISTIE STATION,MUSC,0,0,E,BD,5256
2017/09/18,15:06,Monday,JANE STATION,MUIS,0,0,,BD,0
2017/09/18,15:31,Monday,LANSDOWNE STATION,SUDP,0,0,W,BD,5270
2017/09/18,17:06,Monday,KIPLING STATION,TUSC,0,0,W,BD,5272
2017/09/18,17:34,Monday,FINCH STATION,MUSC,0,0,S,YU,6036
2017/09/18,17:54,Monday,WOODBINE STATION,MUSC,0,0,E,BD,5212
2017/09/18,21:00,Monday,DUNDAS WEST STATION,MUPAA,0,0,E,BD,5228
2017/09/18,22:00,Monday,YUS/BD/SHEPPARD SUBWAY,MUO,0,0,,YU/BD,0
2017/09/18,23:00,Monday,DUNDAS STATION,MUO,0,0,S,YU,5766
2017/09/18,23:00,Monday,YONGE UNIVERSITY SUBWA,MUGD,0,0,,YU,0
2017/09/18,23:25,Monday,BLOOR DANFORTH SUBWAY,MUGD,0,0,,BD,0
2017/09/19,00:16,Tuesday,KIPLING STATION,TUSC,0,0,W,BD,5044
2017/09/19,02:09,Tuesday,ST CLAIR WEST STATION,PUSI,0,0,S,YU,0
2017/09/19,04:58,Tuesday,EGLINTON STATION,SUCOL,0,0,,YU,0
2017/09/19,05:39,Tuesday,FINCH STATION,TUSC,0,0,S,YU,6061
2017/09/19,05:59,Tuesday,GREENWOOD STATION,TUSC,0,0,W,BD,5084
2017/09/19,06:07,Tuesday,DONLANDS STATION,TUSC,0,0,W,BD,5154
2017/09/19,06:51,Tuesday,YONGE BD STATION,MUIS,0,0,E,BD,5320
2017/09/19,07:23,Tuesday,BAY STATION,PUMST,0,0,,BD,0
2017/09/19,07:52,Tuesday,KIPLING STATION,TUNIP,4,6,E,BD,5129
2017/09/19,08:02,Tuesday,GLENCAIRN STATION,MUTD,0,0,N,YU,5946
2017/09/19,08:09,Tuesday,EGLINTON STATION,MUPAA,0,0,N,YU,6101
2017/09/19,08:12,Tuesday,CHRISTIE STATION,MUSC,0,0,E,BD,5238
2017/09/19,08:14,Tuesday,KIPLING STATION,MUSC,0,0,E,BD,5146
2017/09/19,08:14,Tuesday,ST ANDREW STATION,MUIE,0,0,N,YU,5736
2017/09/19,08:18,Tuesday,KENNEDY BD STATION,TUMVS,11,13,E,BD,5142
2017/09/19,08:26,Tuesday,ST CLAIR WEST STATION,MUPAA,3,5,S,YU,5051
2017/09/19,09:01,Tuesday,BLOOR STATION,MUIRS,0,0,S,YU,0
2017/09/19,09:51,Tuesday,JANE STATION,PUMST,0,0,,BD,0
2017/09/19,12:11,Tuesday,YORK MILLS STATION,TUSC,0,0,S,YU,5846
2017/09/19,12:49,Tuesday,CASTLE FRANK STATION,MUIS,0,0,,BD,0
2017/09/19,12:58,Tuesday,VICTORIA PARK STATION,EUSC,0,0,W,BD,5212
2017/09/19,13:12,Tuesday,EGLINTON STATION,MUIRS,0,0,,YU,0
2017/09/19,13:23,Tuesday,ST CLAIR WEST STATION,TUO,0,0,S,YU,5816
2017/09/19,14:09,Tuesday,COXWELL STATION,MUPAA,0,0,W,BD,5060
2017/09/19,14:56,Tuesday,UNION STATION,MUPAA,0,0,S,YU,5531
2017/09/19,15:50,Tuesday,EGLINTON WEST STATION,MUPAA,0,0,N,YU,5466
2017/09/19,16:11,Tuesday,DON MILLS STATION,TUMVS,0,0,E,SHP,6141
2017/09/19,16:27,Tuesday,WARDEN STATION,EUSC,0,0,W,BD,5212
2017/09/19,16:38,Tuesday,EGLINTON STATION,MUIS,0,0,,YU,0
2017/09/19,16:47,Tuesday,YONGE BD STATION,MUDD,6,8,W,BD,5212
2017/09/19,16:59,Tuesday,KENNEDY BD STATION,EUBK,6,8,E,BD,5333
2017/09/19,17:02,Tuesday,LAWRENCE STATION,MUIRS,4,6,N,YU,5581
2017/09/19,17:17,Tuesday,CHRISTIE STATION,MUSC,0,0,E,BD,5238
2017/09/19,17:25,Tuesday,FINCH STATION,MUNCA,0,0,,YU,0
2017/09/19,17:30,Tuesday,QUEEN STATION,MUPAA,0,0,S,YU,5886
2017/09/19,17:45,Tuesday,SPADINA YUS STATION,MUIS,0,0,S,YU,0
2017/09/19,17:50,Tuesday,COLLEGE STATION,EUBK,3,6,N,YU,5986
2017/09/19,17:55,Tuesday,ISLINGTON STATION,EUCD,0,0,W,BD,5333
2017/09/19,18:07,Tuesday,ROYAL YORK STATION,EUDO,4,6,E,BD,5357
2017/09/19,18:16,Tuesday,OLD MILL STATION,EUCD,3,5,E,BD,5357
2017/09/19,18:17,Tuesday,ST ANDREW STATION,MUIS,0,0,,YU,0
2017/09/19,18:51,Tuesday,KEELE STATION,MUSC,0,0,W,BD,5212
2017/09/19,19:30,Tuesday,BLOOR DANFORTH SUBWAY,MUGD,0,0,,BD,0
2017/09/19,20:56,Tuesday,COXWELL STATION,TUSC,0,0,W,BD,5032
2017/09/19,21:07,Tuesday,BATHURST STATION,PUMEL,0,0,,BD,0
2017/09/19,22:00,Tuesday,KING STATION,MUO,0,0,N,YU,5866
2017/09/19,22:00,Tuesday,YUS/BD/SHEPPARD SUBWAY,MUO,0,0,,YU/BD,0
2017/09/19,23:00,Tuesday,DUNDAS STATION,MUO,0,0,N,YU,5556
2017/09/19,23:30,Tuesday,YONGE UNIVERSITY LINE,MUGD,0,0,,YU,0
2017/09/20,00:29,Wednesday,FINCH STATION,MUSAN,4,8,S,YU,5401
2017/09/20,05:02,Wednesday,YONGE BD STATION,XXXXX,0,0,,BD,0
2017/09/20,05:52,Wednesday,YONGE BD STATION,PUTWZ,38,0,E,BD,5272
2017/09/20,06:09,Wednesday,SHEPPARD WEST STATION,MUSC,0,0,S,YU,5911
2017/09/20,06:18,Wednesday,ST GEORGE YUS STATION,MUSC,0,0,N,YU,5506
2017/09/20,06:21,Wednesday,ST GEORGE YUS STATION,MUO,3,6,S,YU,5506
2017/09/20,06:37,Wednesday,WOODBINE STATION,MUSC,0,0,W,BD,5238
2017/09/20,06:45,Wednesday,FINCH STATION,TUSC,0,0,S,YU,5646
2017/09/20,07:02,Wednesday,VICTORIA PARK STATION,MUSC,0,0,E,BD,5304
2017/09/20,07:12,Wednesday,KIPLING STATION,EULV,7,9,E,BD,5145
2017/09/20,07:18,Wednesday,KENNEDY BD STATION,MUIS,0,0,,BD,0
2017/09/20,08:42,Wednesday,OSSINGTON STATION,TUSC,0,0,E,BD,5304
2017/09/20,08:49,Wednesday,WELLESLEY STATION,MUPAA,0,0,S,YU,5511
2017/09/20,09:04,Wednesday,CHRISTIE STATION,TUSC,0,0,E,BD,5196
2017/09/20,09:16,Wednesday,MCCOWAN STATION,PRSW,37,43,N,SRT,3025
2017/09/20,09:36,Wednesday,YONGE BD STATION,MUDD,6,9,W,BD,5180
2017/09/20,10:45,Wednesday,CASTLE FRANK STATION,PUMEL,0,0,W,BD,0
2017/09/20,10:46,Wednesday,SUMMERHILL STATION,MUI,3,6,S,YU,5421
2017/09/20,11:09,Wednesday,FINCH STATION,MUIS,0,0,,YU,0
2017/09/20,11:16,Wednesday,YONGE SHP STATION,MUIRS,0,0,,SHP,0
2017/09/20,11:40,Wednesday,LAWRENCE STATION,MUNCA,0,0,,YU,0
2017/09/20,11:43,Wednesday,SHEPPARD WEST STATION,MUSC,0,0,S,YU,6011
2017/09/20,11:49,Wednesday,ISLINGTON STATION,MUSC,0,0,E,BD,5236
2017/09/20,12:10,Wednesday,YONGE UNIVERSITY LINE,MUGD,0,0,,YU,0
2017/09/20,12:26,Wednesday,KIPLING STATION,EUBO,4,8,E,BD,5265
2017/09/20,12:30,Wednesday,FINCH STATION,PUMEL,0,0,,YU,0
2017/09/20,12:32,Wednesday,BLOOR DANFORTH SUBWAY,MUGD,0,0,,BD,0
2017/09/20,12:42,Wednesday,YORK MILLS STATION,PUSTS,3,6,N,YU,5581
2017/09/20,13:17,Wednesday,YORKDALE STATION,MUSC,0,0,N,YU,5846
2017/09/20,13:53,Wednesday,MCCOWAN STATION,ERAC,6,12,N,SRT,3019
2017/09/20,14:33,Wednesday,VICTORIA PARK STATION,PUMST,0,0,,BD,0
2017/09/20,15:31,Wednesday,DUNDAS WEST STATION,MUO,5,7,W,BD,5051
2017/09/20,15:32,Wednesday,ST CLAIR WEST STATION,TUSC,0,0,S,YU,5686
2017/09/20,15:52,Wednesday,DUFFERIN STATION,MUPR1,94,98,W,BD,5023
2017/09/20,15:58,Wednesday,HIGH PARK STATION,TUCC,0,0,E,BD,5051
2017/09/20,16:12,Wednesday,DAVISVILLE STATION,EUDO,3,5,S,YU,5901
2017/09/20,16:20,Wednesday,JANE STATION,TUSC,0,0,W,BD,5094
2017/09/20,16:21,Wednesday,ST CLAIR WEST STATION,TUSC,0,0,N,YU,5471
2017/09/20,16:50,Wednesday,ROSEDALE STATION,MUIR,5,7,N,YU,5026
2017/09/20,17:13,Wednesday,FINCH STATION,TUSC,0,0,S,YU,5646
2017/09/20,17:30,Wednesday,OSSINGTON STATION,SUUT,5,7,E,BD,0
2017/09/20,17:38,Wednesday,CHRISTIE STATION,MUIRS,0,0,W,BD,0
2017/09/20,17:44,Wednesday,SHEPPARD WEST STATION,TUNOA,4,6,S,YU,5431
2017/09/20,17:56,Wednesday,KIPLING STATION,TUMVS,0,0,W,BD,5213
2017/09/20,18:01,Wednesday,ISLINGTON STATION,MUSC,0,0,W,BD,5261
2017/09/20,18:25,Wednesday,ROYAL YORK STATION,TUSC,0,0,E,BD,5196
2017/09/20,18:33,Wednesday,SHEPPARD STATION,MUIR,4,6,N,YU,5841
2017/09/20,18:59,Wednesday,FINCH STATION,SUDP,13,15,S,YU,6061
2017/09/20,19:24,Wednesday,VICTORIA PARK STATION,MUSC,0,0,E,BD,5261
2017/09/20,20:42,Wednesday,FINCH STATION,MUIS,0,0,,YU,0
2017/09/20,20:52,Wednesday,JANE STATION,TUO,9,12,E,BD,5159
2017/09/20,21:01,Wednesday,SPADINA YUS STATION,TUSC,0,0,S,YU,5426
2017/09/20,21:04,Wednesday,WOODBINE STATION,MUSC,0,0,W,BD,5312
2017/09/20,21:11,Wednesday,COXWELL STATION,TUSC,0,0,W,BD,5129
2017/09/20,21:16,Wednesday,BLOOR STATION,SUDP,6,9,N,YU,5811
2017/09/20,22:00,Wednesday,KING STATION,MUO,0,0,N,YU,5381
2017/09/20,22:00,Wednesday,YUS/BD/SHEPPARD SUBWAY,MUO,0,0,,BD,0
2017/09/20,22:25,Wednesday,WILSON STATION,MUI,24,28,S,YU,5911
2017/09/20,22:29,Wednesday,SHEPPARD STATION,SUDP,0,0,,YU,0
2017/09/20,22:42,Wednesday,FINCH STATION,MUO,0,0,,YU,0
2017/09/20,23:00,Wednesday,BLOOR DANFORTH SUBWAY,MUGD,0,0,,BD,0
2017/09/20,23:00,Wednesday,DUNDAS STATION,MUO,0,0,S,YU,5386
2017/09/20,23:38,Wednesday,CHRISTIE STATION,MUIR,0,0,W,BD,5084
2017/09/21,00:07,Thursday,ST CLAIR WEST STATION,MUPAA,0,0,N,YU,6111
2017/09/21,01:41,Thursday,UNION STATION,MUIS,0,0,,YU,0
2017/09/21,02:01,Thursday,DAVISVILLE STATION,PUTOE,0,0,N,YU,0
2017/09/21,06:14,Thursday,KENNEDY BD STATION,MUSC,0,0,W,BD,5019
2017/09/21,06:29,Thursday,VICTORIA PARK STATION,EUNT,3,5,E,BD,5344
2017/09/21,07:10,Thursday,ST GEORGE YUS STATION,MUPAA,0,0,N,YU,6131
2017/09/21,07:20,Thursday,ISLINGTON STATION,PUSTS,3,5,E,BD,5280
2017/09/21,07:34,Thursday,FINCH STATION,EUBK,3,5,N,YU,6076
2017/09/21,07:37,Thursday,KING STATION,PUMEL,0,0,,YU,0
2017/09/21,07:40,Thursday,SHEPPARD WEST STATION,PUTO,10,15,S,YU,5801
2017/09/21,07:52,Thursday,CHRISTIE STATION,PUSO,0,0,E,BD,5320
2017/09/21,08:11,Thursday,VICTORIA PARK STATION,TUSC,0,0,W,BD,5236
2017/09/21,08:26,Thursday,ST GEORGE BD STATION,MUI,5,7,E,BD,5216
2017/09/21,08:52,Thursday,KING STATION,SUO,0,0,,YU,0
2017/09/21,09:16,Thursday,CHESTER STATION,MUI,6,9,W,BD,5230
2017/09/21,09:22,Thursday,SCARB CTR STATION,MRUI,6,12,N,SRT,3025
2017/09/21,09:24,Thursday,KENNEDY BD STATION,PUSNT,5,8,W,BD,5123
2017/09/21,10:14,Thursday,BATHURST STATION,EUPI,4,7,E,BD,5216
2017/09/21,11:38,Thursday,YORKDALE STATION,MUSC,0,0,N,YU,5421
2017/09/21,11:42,Thursday,LAWRENCE STATION,PUSTS,0,0,N,YU,6026
2017/09/21,11:49,Thursday,GLENCAIRN STATION,TUMVS,0,0,N,YU,5956
2017/09/21,11:54,Thursday,CHRISTIE STATION,PUSO,0,0,E,BD,5292
2017/09/21,11:58,Thursday,OLD MILL STATION,MUIRS,0,0,E,BD,0
2017/09/21,12:29,Thursday,LAWRENCE STATION,TUMVS,0,0,N,YU,6011
2017/09/21,13:47,Thursday,SPADINA YUS STATION,TUMVS,0,0,S,YU,6041
2017/09/21,13:59,Thursday,KENNEDY BD STATION,EUBK,0,0,W,BD,5125
2017/09/21,14:05,Thursday,RUNNYMEDE STATION,MUPAA,3,6,E,BD,5098
2017/09/21,14:06,Thursday,ST ANDREW STATION,MUPAA,0,0,S,YU,6076
2017/09/21,14:32,Thursday,YONGE BD STATION,PUMEL,0,0,S,BD,0
2017/09/21,15:07,Thursday,DAVISVILLE STATION,MUSC,0,0,N,YU,5951
2017/09/21,15:26,Thursday,YONGE UNIVERSITY LINE,MUO,0,0,,YU,0
2017/09/21,15:40,Thursday,KENNEDY BD STATION,MUSC,0,0,,BD,5299
2017/09/21,15:55,Thursday,DONLANDS STATION,EUAC,3,5,W,BD,5090
2017/09/21,16:00,Thursday,ST PATRICK STATION,TUOS,0,0,S,YU,5881
2017/09/21,16:02,Thursday,GUNN BUILDING,MUO,0,0,,,0
2017/09/21,16:10,Thursday,BAY STATION,MUD,0,0,W,BD,5125
2017/09/21,16:17,Thursday,OSGOODE STATION,MUSC,0,0,N,YU,5851
2017/09/21,16:33,Thursday,KENNEDY SRT STATION,SRDP,11,16,S,SRT,3012
2017/09/21,16:43,Thursday,BLOOR STATION,MUIS,0,0,N,YU,0
2017/09/21,16:43,Thursday,KENNEDY BD STATION,SUO,13,15,W,BD,0
2017/09/21,16:47,Thursday,DUNDAS STATION,MUPAA,0,0,N,YU,6136
2017/09/21,16:52,Thursday,DAVISVILLE STATION,MUSC,0,0,N,YU,5101
2017/09/21,17:33,Thursday,EGLINTON STATION,SUDP,3,5,S,YU,6106
2017/09/21,18:38,Thursday,DAVISVILLE STATION,MUIR,0,0,N,YU,6041
2017/09/21,18:49,Thursday,SPADINA BD STATION,MUI,15,17,E,BD,5325
2017/09/21,19:14,Thursday,GREENWOOD STATION,TUSC,0,0,W,BD,5117
2017/09/21,20:41,Thursday,EGLINTON STATION,MUIS,0,0,S,YU,0
2017/09/21,21:07,Thursday,COXWELL STATION,MUTO,4,8,W,BD,5209
2017/09/21,21:11,Thursday,KIPLING STATION,TUSC,0,0,W,BD,5312
2017/09/21,22:00,Thursday,KING STATION,MUO,0,0,S,YU,6071
2017/09/21,22:00,Thursday,YUS/BD/SHEPPARD SUBWAY,MUO,0,0,,YU/BD,0
2017/09/21,23:00,Thursday,DUNDAS STATION,MUO,0,0,S,YU,5611
2017/09/21,23:00,Thursday,YONGE UNIVERSITY LINE,MUGD,0,0,,YU,0
2017/09/21,23:40,Thursday,OSSINGTON STATION,MUIS,0,0,,BD,0
2017/09/21,23:44,Thursday,DUFFERIN STATION,MUI,7,11,W,BD,5279
2017/09/22,00:52,Friday,ST GEORGE YUS STATION,PUSTS,0,0,N,YU,5826
2017/09/22,01:38,Friday,ROYAL YORK STATION,TUSC,0,0,E,BD,5358
2017/09/22,04:07,Friday,QUEEN STATION,MUIE,0,0,,YU,0
2017/09/22,05:47,Friday,WILSON STATION,MUSC,0,0,S,YU,5646
2017/09/22,05:51,Friday,FINCH STATION,MUCL,3,6,S,YU,5536
2017/09/22,05:54,Friday,COXWELL STATION,MUSC,0,0,E,BD,5001
2017/09/22,06:54,Friday,ST CLAIR STATION,MUIR,5,7,N,YU,5721
2017/09/22,07:07,Friday,KIPLING STATION,TUSC,0,0,W,BD,5118
2017/09/22,07:28,Friday,GREENWOOD STATION,MUSC,0,0,W,BD,5022
2017/09/22,07:34,Friday,COXWELL STATION,MUSC,0,0,E,BD,5131
2017/09/22,07:39,Friday,KENNEDY BD STATION,MUSC,0,0,W,BD,5108
2017/09/22,07:48,Friday,OLD MILL STATION,MUSC,0,0,E,BD,5166
2017/09/22,07:56,Friday,SHEPPARD WEST STATION,TUSC,0,0,S,YU,5646
2017/09/22,08:09,Friday,JANE STATION,PUMST,0,0,,BD,0
2017/09/22,08:32,Friday,WARDEN STATION TO KENN,TUMVS,0,0,E,BD,5166
2017/09/22,08:39,Friday,QUEEN'S PARK STATION,MUIR,3,5,S,YU,5911
2017/09/22,08:41,Friday,CHESTER STATION,MUIRS,0,0,,BD,0
2017/09/22,09:00,Friday,ROSEDALE STATION,MUIS,0,0,S,YU,0
2017/09/22,09:09,Friday,YONGE BD STATION,EUDO,6,8,W,BD,5236
2017/09/22,09:18,Friday,QUEEN STATION,MUPAA,0,0,S,YU,6136
2017/09/22,09:23,Friday,MCCOWAN STATION,MRTO,5,11,N,SRT,3025
2017/09/22,10:09,Friday,EGLINTON WEST STATION,TUSC,0,0,N,YU,5856
2017/09/22,10:23,Friday,ST GEORGE BD STATION,EUPI,3,5,E,BD,5292
2017/09/22,10:30,Friday,SCARB CTR STATION,PREL,0,0,,SRT,0
2017/09/22,13:07,Friday,KIPLING STATION,MUIRS,0,0,,BD,0
2017/09/22,13:53,Friday,KEELE STATION,MUSC,0,0,E,BD,5194
2017/09/22,14:28,Friday,SHEPPARD STATION,TUSC,0,0,N,YU,5861
2017/09/22,15:10,Friday,WELLESLEY STATION,SUCOL,0,0,N,YU,5941
2017/09/22,15:30,Friday,WOODBINE STATION,MUSC,0,0,W,BD,5118
2017/09/22,15:50,Friday,CHRISTIE STATION,TUSC,0,0,W,BD,5157
2017/09/22,15:51,Friday,ROSEDALE STATION,TUMVS,0,0,S,YU,5711
2017/09/22,15:56,Friday,WILSON STATION,PUSI,6,8,S,YU,5841
2017/09/22,15:56,Friday,YONGE BD STATION,TUSC,0,0,E,BD,5194
2017/09/22,16:05,Friday,SHERBOURNE STATION,MUIS,0,0,,BD,0
2017/09/22,16:14,Friday,VICTORIA PARK STATION,MUIR,6,8,W,BD,5186
2017/09/22,16:15,Friday,MUSEUM STATION,TUMVS,0,0,N,YU,5656
2017/09/22,16:23,Friday,KIPLING STATION,EUBO,3,5,E,BD,5238
2017/09/22,16:26,Friday,BLOOR STATION,SUSA,0,0,N,YU,0
2017/09/22,16:26,Friday,WILSON STATION,TUMVS,0,0,N,YU,5436
2017/09/22,16:41,Friday,VICTORIA PARK STATION,MUIRS,0,0,,BD,0
2017/09/22,16:45,Friday,ST CLAIR STATION,MUSC,0,0,S,YU,5916
2017/09/22,17:52,Friday,KENNEDY BD STATION,PUMEL,0,0,,BD,0
2017/09/22,18:07,Friday,SPADINA YUS STATION,PUMEL,0,0,N,YU,0
2017/09/22,18:12,Friday,MAIN STREET STATION,MUNCA,0,0,,BD,0
2017/09/22,18:33,Friday,ROYAL YORK STATION,MUDD,9,12,W,BD,5047
2017/09/22,18:36,Friday,YORKDALE STATION,SUDP,0,0,S,YU,0
2017/09/22,18:58,Friday,FINCH STATION,MUIR,3,6,,YU,5421
2017/09/22,18:59,Friday,OLD MILL STATION,TUOS,0,0,E,BD,5146
2017/09/22,19:06,Friday,KING STATION,MUIS,0,0,,YU,0
2017/09/22,19:51,Friday,YORK MILLS STATION,MUIRS,0,0,,YU,0
2017/09/22,20:08,Friday,YORK MILLS STATION,SUDP,0,0,,YU,0
2017/09/22,20:16,Friday,ROYAL YORK STATION,MUIS,0,0,,BD,0
2017/09/22,20:17,Friday,SUMMERHILL STATION,MUPAA,0,0,N,YU,5621
2017/09/22,21:18,Friday,SHEPPARD STATION,PUSTS,0,0,N,YU,5401
2017/09/22,21:24,Friday,JANE STATION,MUPLB,9,12,W,BD,5177
2017/09/22,22:00,Friday,KING STATION,MUO,0,0,S,YU,5846
2017/09/22,22:00,Friday,YONGE UNIVERSITY LINE,MUO,0,0,,YU/BD,0
2017/09/22,23:00,Friday,DUNDAS STATION,MUO,0,0,S,YU,5946
2017/09/22,23:04,Friday,COXWELL STATION,TUSC,0,0,W,BD,5024
2017/09/22,23:20,Friday,BLOOR DANFORTH SUBWAY,MUGD,0,0,,BD,0
2017/09/22,23:35,Friday,YONGE UNIVERSITY LINE,MUGD,0,0,,YU,0
2017/09/22,23:41,Friday,ST GEORGE YUS STATION,MUIR,4,8,N,YU,5816
2017/09/23,00:10,Saturday,SHEPPARD STATION,PUSTS,0,0,N,YU,5626
2017/09/23,00:14,Saturday,ISLINGTON STATION,SUDP,0,0,,BD,0
2017/09/23,00:22,Saturday,BAY STATION,SUO,0,0,W,BD,5165
2017/09/23,00:58,Saturday,SHEPPARD STATION,PUSTS,0,0,N,YU,5746
2017/09/23,00:59,Saturday,SHEPPARD STATION,PUSNT,0,0,N,YU,5746
2017/09/23,01:17,Saturday,GLENCAIRN STATION,SUUT,0,0,N,YU,5986
2017/09/23,01:57,Saturday,BLOOR STATION,SUDP,0,0,N,YU,5721
2017/09/23,01:58,Saturday,NORTH YORK CTR STATION,TUSC,0,0,S,YU,5381
2017/09/23,02:46,Saturday,ST GEORGE YUS STATION,PUSTS,0,0,W,YU,72
2017/09/23,06:00,Saturday,KIPLING TO ISLINGTON,MUO,0,0,,BD,0
2017/09/23,06:00,Saturday,YONGE UNIVERSITY LINE,MUO,0,0,,YU,0
2017/09/23,06:03,Saturday,SHEPPARD STATION,MUSC,0,0,S,YU,6086
2017/09/23,06:05,Saturday,RUNNYMEDE STATION,MUNCA,0,0,,BD,0
2017/09/23,06:32,Saturday,ISLINGTON STATION,MUSC,0,0,E,BD,5239
2017/09/23,06:32,Saturday,WILSON STATION,MUSC,0,0,N,YU,6066
2017/09/23,10:30,Saturday,QUEEN STATION,SUUT,13,17,N,YU,5686
2017/09/23,11:00,Saturday,WILSON STATION,MUSC,0,0,N,YU,5381
2017/09/23,11:00,Saturday,YONGE UNIVERSITY SUBWA,MUGD,0,0,,YU,0
2017/09/23,11:34,Saturday,KENNEDY BD STATION,TUMVS,0,0,E,BD,5292
2017/09/23,11:55,Saturday,ISLINGTON STATION,EUBO,4,9,E,BD,5308
2017/09/23,12:17,Saturday,ST GEORGE BD STATION,SUAP,0,0,E,BD,0
2017/09/23,12:40,Saturday,RUNNYMEDE STATION,SUUT,8,13,E,BD,5292
2017/09/23,13:38,Saturday,KEELE STATION,PUMEL,0,0,,BD,0
2017/09/23,13:39,Saturday,SUMMERHILL STATION,MUPAA,0,0,S,YU,5681
2017/09/23,13:47,Saturday,WILSON STATION,PUSI,3,7,S,YU,5386
2017/09/23,13:49,Saturday,WILSON STATION,TUSC,0,0,S,YU,5386
2017/09/23,15:12,Saturday,KEELE STATION,MUNCA,0,0,,BD,0
2017/09/23,16:07,Saturday,WELLESLEY STATION,MUPAA,0,0,S,YU,5836
2017/09/23,16:22,Saturday,BLOOR DANFORTH SUBWAY,PUSRA,0,0,W,BD,5261
2017/09/23,16:55,Saturday,ROYAL YORK STATION,EUAC,5,10,E,BD,5206
2017/09/23,17:09,Saturday,KENNEDY BD STATION,EUBO,5,10,E,BD,5369
2017/09/23,18:28,Saturday,DAVISVILLE STATION,MUSC,0,0,N,YU,5901
2017/09/23,18:41,Saturday,MIDLAND STATION,ERTC,5,11,N,SRT,3017
2017/09/23,18:50,Saturday,FINCH STATION,MUIS,10,20,,YU,0
2017/09/23,18:56,Saturday,ST CLAIR STATION,MUSC,0,0,E,YU,5886
2017/09/23,19:53,Saturday,UNION STATION,SUO,0,0,,YU,0
2017/09/23,20:05,Saturday,UNION STATION,MUIS,0,0,,YU,0
2017/09/23,20:28,Saturday,JANE STATION,TUSC,0,0,W,BD,5246
2017/09/23,20:32,Saturday,COLLEGE STATION,MUIRS,0,0,,YU,0
2017/09/23,20:57,Saturday,GLENCAIRN STATION,SUDP,5,9,S,YU,5991
2017/09/23,20:58,Saturday,WILSON STATION,SUO,18,22,N,YU,5895
2017/09/23,21:48,Saturday,FINCH STATION,MUI,0,0,S,YU,5726
2017/09/23,21:55,Saturday,FINCH STATION,MUSAN,9,13,S,YU,5996
2017/09/23,22:00,Saturday,KING STATION,MUO,0,0,S,YU,5541
2017/09/23,22:00,Saturday,YUS/BD/SHEPPARD SUBWAY,MUO,0,0,,YU/BD,0
2017/09/23,22:26,Saturday,WOODBINE STATION,TUSC,0,0,W,BD,5210
2017/09/23,23:00,Saturday,DUNDAS STATION,MUO,0,0,S,YU,5846
2017/09/23,23:03,Saturday,OSSINGTON STATION,MUIS,0,0,W,BD,0
2017/09/23,23:34,Saturday,GLENCAIRN STATION,MUPAA,0,0,N,YU,5936
2017/09/24,02:01,Sunday,ST GEORGE BD STATION,MUSC,0,0,W,BD,5049
2017/09/24,05:26,Sunday,OSSINGTON STATION,MUO,0,0,,BD,0
2017/09/24,08:00,Sunday,BLOOR DANFORTH SUBWAY,MUO,0,0,,BD,0
2017/09/24,08:52,Sunday,KENNEDY BD STATION,MUSC,0,0,W,BD,5034
2017/09/24,09:21,Sunday,CHESTER STATION,EUBK,5,10,W,BD,5319
2017/09/24,11:17,Sunday,YORK MILLS STATION,MUNCA,0,0,,YU,0
2017/09/24,12:33,Sunday,SUMMERHILL STATION,MUIR,5,9,N,YU,5951
2017/09/24,12:48,Sunday,SPADINA YUS STATION,TUSC,0,0,S,YU,6031
2017/09/24,13:15,Sunday,KENNEDY BD STATION,TUSC,0,0,W,BD,5194
2017/09/24,13:26,Sunday,DAVISVILLE STATION,TUMVS,0,0,N,YU,6066
2017/09/24,13:30,Sunday,YONGE UNIVERSITY LINE,MUGD,0,0,,YU,0
2017/09/24,13:47,Sunday,DAVISVILLE STATION,MUIE,0,0,,YU,0
2017/09/24,13:47,Sunday,SPADINA YUS STATION,MUSC,0,0,S,YU,5466
2017/09/24,13:53,Sunday,ST GEORGE YUS STATION,MUSC,0,0,S,YU,5901
2017/09/24,15:07,Sunday,FINCH STATION,MUSC,0,0,,YU,6011
2017/09/24,15:09,Sunday,ST CLAIR WEST STATION,TUMVS,4,8,S,YU,6066
2017/09/24,15:54,Sunday,ST GEORGE BD STATION,TUSC,0,0,W,BD,5049
2017/09/24,15:54,Sunday,ST PATRICK STATION,SUDP,5,9,N,YU,5436
2017/09/24,17:21,Sunday,WARDEN STATION,TUSC,0,0,E,BD,5309
2017/09/24,17:26,Sunday,YONGE BD STATION,MUPAA,0,0,W,BD,5226
2017/09/24,17:41,Sunday,RUNNYMEDE STATION,MUIRS,0,0,E,BD,0
2017/09/24,19:07,Sunday,YONGE SHP STATION,EUNT,8,14,E,SHP,6146
2017/09/24,19:13,Sunday,SHEPPARD STATION,PUSTS,0,0,N,YU,5746
2017/09/24,19:14,Sunday,ISLINGTON STATION,PUMEL,0,0,,BD,0
2017/09/24,19:14,Sunday,YONGE SHP STATION,TUMVS,0,0,W,SHP,6196
2017/09/24,19:21,Sunday,SHEPPARD STATION,PUSTS,0,0,N,YU,5941
2017/09/24,19:30,Sunday,SHEPPARD STATION,PUSTS,0,0,N,YU,6066
2017/09/24,19:36,Sunday,SHEPPARD STATION,PUSTS,0,0,N,YU,5701
2017/09/24,20:26,Sunday,YORK MILLS STATION,MUSC,0,0,N,YU,5666
2017/09/24,20:36,Sunday,ST GEORGE YUS STATION,SUDP,5,9,S,YU,5401
2017/09/24,20:37,Sunday,ST GEORGE YUS STATION,SUDP,5,9,N,YU,5841
2017/09/24,22:00,Sunday,YUS/BD/SHEPPARD SUBWAY,MUO,0,0,,YU/BD,0
2017/09/24,22:11,Sunday,KEELE STATION,MUDD,0,0,E,BD,5333
2017/09/24,22:21,Sunday,MC BRIEN BUILDING,MUO,0,0,,YU,0
2017/09/24,22:34,Sunday,ST GEORGE YUS STATION,TUSC,0,0,S,YU,5601
2017/09/24,23:00,Sunday,DUNDAS STATION,MUO,0,0,N,YU,5746
2017/09/24,23:10,Sunday,BLOOR DANFORTH SUBWAY,MUGD,0,0,,BD,0
2017/09/25,00:07,Monday,ST GEORGE BD STATION,TUSC,0,0,W,BD,5224
2017/09/25,00:57,Monday,ST GEORGE YUS STATION,TUMVS,6,10,S,YU,6011
2017/09/25,01:33,Monday,MUSEUM STATION,TUMVS,5,9,S,YU,5846
2017/09/25,02:26,Monday,MUSEUM STATION,PUTOE,0,0,S,YU,0
2017/09/25,05:20,Monday,GLENCAIRN STATION,PUTOE,0,0,N,YU,0
2017/09/25,05:39,Monday,BAY STATION,MUNCA,0,0,,BD,0
2017/09/25,06:03,Monday,ST PATRICK STATION,MUDD,3,6,S,YU,5386
2017/09/25,06:09,Monday,KIPLING STATION,MUIS,0,0,,BD,0
2017/09/25,06:36,Monday,OLD MILL STATION,MUSC,0,0,E,BD,5117
2017/09/25,06:59,Monday,COXWELL STATION,MUSC,0,0,E,BD,5001
2017/09/25,07:11,Monday,UNION STATION,MUPAA,0,0,S,YU,5381
2017/09/25,07:28,Monday,DAVISVILLE STATION,MUSC,0,0,S,YU,5576
2017/09/25,07:40,Monday,KENNEDY BD STATION,MUSC,0,0,W,BD,5067
2017/09/25,07:51,Monday,WARDEN STATION,EUDO,0,0,W,BD,5304
2017/09/25,08:19,Monday,YORK MILLS STATION,TUMVS,0,0,N,YU,5951
2017/09/25,08:45,Monday,WELLESLEY STATION,MUPAA,0,0,S,YU,5886
2017/09/25,09:00,Monday,SPADINA YUS STATION,MUIS,0,0,E,YU,0
2017/09/25,09:01,Monday,WARDEN STATION,MUDD,5,7,E,BD,5173
2017/09/25,09:25,Monday,VICTORIA PARK STATION,TUMVS,0,0,W,BD,5241
2017/09/25,09:40,Monday,BATHURST STATION,MUIRS,0,0,,BD,0
2017/09/25,10:11,Monday,BLOOR STATION,MUIRS,0,0,S,YU,0
2017/09/25,10:11,Monday,ST CLAIR STATION,TUMVS,0,0,S,YU,6086
2017/09/25,10:41,Monday,SPADINA YUS STATION,MUI,18,21,N,YU,6086
2017/09/25,10:47,Monday,RUNNYMEDE STATION,MUIE,0,0,,BD,0
2017/09/25,11:33,Monday,ROYAL YORK STATION,MUIR,0,0,W,BD,5336
2017/09/25,11:50,Monday,COXWELL STATION,TUSC,0,0,W,BD,5028
2017/09/25,12:10,Monday,YONGE UNIVERSITY LINE,MUGD,0,0,,YU,0
2017/09/25,12:55,Monday,KENNEDY BD STATION,MUO,0,0,,BD,0
2017/09/25,13:08,Monday,LAWRENCE STATION,MUSC,0,0,S,YU,5836
2017/09/25,13:37,Monday,ST GEORGE YUS STATION,MUPAA,0,0,S,YU,5926
2017/09/25,13:38,Monday,DUNDAS WEST STATION,EUBO,9,12,W,BD,5094
2017/09/25,13:49,Monday,KENNEDY BD STATION,TUSC,0,0,E,BD,5165
2017/09/25,13:51,Monday,LAWRENCE STATION,MUSC,0,0,N,YU,6041
2017/09/25,14:38,Monday,SHEPPARD WEST STATION,TUSC,0,0,N,YU,5681
2017/09/25,15:18,Monday,ST GEORGE BD STATION,EUPI,5,8,E,BD,5165
2017/09/25,16:22,Monday,FINCH STATION,MUIR,3,5,N,YU,6041
2017/09/25,16:24,Monday,UNION STATION,EUDO,0,0,N,YU,5606
2017/09/25,16:32,Monday,SHEPPARD WEST STATION,EUAL,3,5,S,YU,5381
2017/09/25,16:35,Monday,ISLINGTON STATION,MUNCA,0,0,,BD,0
2017/09/25,16:58,Monday,YORK MILLS STATION,MUNCA,0,0,,YU,0
2017/09/25,17:13,Monday,QUEEN STATION,MUPAA,0,0,N,YU,5701
2017/09/25,17:30,Monday,BAY STATION,MUIS,0,0,,BD,0
2017/09/25,17:47,Monday,GLENCAIRN STATION,MUPAA,3,5,N,YU,5591
2017/09/25,18:05,Monday,WARDEN STATION,TUMVS,0,0,E,BD,5173
2017/09/25,18:35,Monday,LESLIE STATION,MUPAA,3,9,W,SHP,6196
2017/09/25,18:49,Monday,VICTORIA PARK STATION,TUMVS,0,0,W,BD,5251
2017/09/25,18:51,Monday,VICTORIA PARK STATION,TUSC,0,0,W,BD,5251
2017/09/25,21:08,Monday,WELLESLEY STATION,PUMEL,0,0,,YU,0
2017/09/25,21:11,Monday,DUNDAS WEST STATION,SUDP,3,7,E,BD,5215
2017/09/25,21:45,Monday,MCCOWAN STATION,ERLT,5,10,N,SRT,3005
2017/09/25,21:57,Monday,WELLESLEY STATION,MUPAA,3,7,S,YU,6131
2017/09/25,22:00,Monday,YUS/BD/SHEPPARD SUBWAY,MUO,0,0,,YU/BD,0
2017/09/25,22:12,Monday,SPADINA BD STATION,MUIS,0,0,E,BD,0
2017/09/25,22:25,Monday,KENNEDY BD STATION,TUO,0,0,W,BD,5205
2017/09/25,23:05,Monday,YONGE UNIVERSITY LINE,MUGD,0,0,,YU,0
2017/09/25,23:15,Monday,BLOOR DANFORTH SUBWAY,MUGD,0,0,,BD,0
2017/09/25,23:19,Monday,KENNEDY BD STATION,SUO,14,18,W,BD,5224
2017/09/25,23:46,Monday,WOODBINE STATION,MUIS,0,0,E,BD,0
2017/09/26,01:10,Tuesday,KIPLING STATION,SUO,0,0,,BD,5352
2017/09/26,05:52,Tuesday,BROADVIEW STATION,MUSC,0,0,W,BD,5177
2017/09/26,05:59,Tuesday,ELLESMERE STATION,ERTB,24,29,S,SRT,3015
2017/09/26,06:04,Tuesday,EGLINTON WEST STATION,MUIS,0,0,,YU,0
2017/09/26,06:19,Tuesday,DONLANDS STATION,EUYRD,4,8,W,BD,5085
2017/09/26,06:30,Tuesday,WILSON STATION,MUSC,0,0,S,YU,6006
2017/09/26,06:35,Tuesday,COXWELL STATION,MUSC,0,0,E,BD,5294
2017/09/26,06:37,Tuesday,KENNEDY BD STATION,MUSC,0,0,W,BD,5312
2017/09/26,06:38,Tuesday,WILSON STATION,MUSC,0,0,S,YU,5736
2017/09/26,06:53,Tuesday,FINCH STATION,MUSC,0,0,S,YU,5646
2017/09/26,06:57,Tuesday,ST PATRICK STATION,EUO,3,6,S,YU,5736
2017/09/26,07:08,Tuesday,QUEEN'S PARK STATION,TUSC,0,0,S,YU,5846
2017/09/26,07:24,Tuesday,RUNNYMEDE STATION,MUI,7,9,E,BD,5319
2017/09/26,07:31,Tuesday,DONLANDS STATION,EUOE,3,6,E,BD,5202
2017/09/26,07:38,Tuesday,SHERBOURNE STATION,EUNT,3,5,W,BD,5258
2017/09/26,07:58,Tuesday,MAIN STREET STATION,EUPI,0,0,E,BD,5304
2017/09/26,08:20,Tuesday,LANSDOWNE STATION,MUIR,3,5,E,BD,5135
2017/09/26,08:59,Tuesday,NORTH YORK CTR STATION,MUSC,0,0,N,YU,5566
2017/09/26,09:08,Tuesday,KENNEDY BD STATION,MUSC,0,0,W,BD,5177
2017/09/26,09:22,Tuesday,SUMMERHILL STATION,MUIR,7,9,S,YU,5931
2017/09/26,09:24,Tuesday,BESSARION STATION,MUIRS,0,0,,SHP,0
2017/09/26,09:34,Tuesday,DUPONT STATION,TUSC,0,0,S,YU,5926
2017/09/26,12:05,Tuesday,YONGE UNIVERSITY SUBWA,MUGD,0,0,,YU,0
2017/09/26,12:07,Tuesday,COXWELL STATION,EUDO,6,9,E,BD,5032
2017/09/26,12:13,Tuesday,WILSON YARD,MUIE,0,0,,YU,0
2017/09/26,12:15,Tuesday,ST GEORGE YUS STATION,MUPAA,4,7,S,YU,5621
2017/09/26,13:48,Tuesday,ST CLAIR STATION,PUSI,3,6,S,YU,6111
2017/09/26,13:55,Tuesday,KENNEDY BD STATION,MUTO,3,6,W,BD,5312
2017/09/26,14:01,Tuesday,WELLESLEY STATION,TUO,4,7,S,YU,6111
2017/09/26,14:12,Tuesday,ST CLAIR STATION,PUSI,0,0,S,YU,5561
2017/09/26,14:21,Tuesday,QUEEN STATION,TUO,3,6,S,YU,5561
2017/09/26,14:48,Tuesday,FINCH STATION,MUIS,0,0,,YU,0
2017/09/26,15:33,Tuesday,KEELE STATION,MUPAA,3,5,E,BD,5323
2017/09/26,15:53,Tuesday,KENNEDY BD STATION,TUNIP,3,5,W,BD,5224
2017/09/26,16:05,Tuesday,KENNEDY BD STATION,EUNT,3,5,E,BD,5292
2017/09/26,16:15,Tuesday,WELLESLEY STATION,SUDP,0,0,S,YU,5466
2017/09/26,16:31,Tuesday,KENNEDY BD STATION,MUIS,0,0,,BD,0
2017/09/26,16:41,Tuesday,EGLINTON STATION,PUSTC,3,6,S,YU,5501
2017/09/26,17:20,Tuesday,DUPONT STATION,SUAP,3,5,N,YU,5556
2017/09/26,17:32,Tuesday,DON MILLS STATION,MUIS,0,0,,SHP,0
2017/09/26,18:02,Tuesday,EGLINTON STATION,MUPAA,0,0,N,YU,5991
2017/09/26,18:09,Tuesday,DAVISVILLE STATION,MUPAA,0,0,N,YU,5516
2017/09/26,18:10,Tuesday,NORTH YORK CTR STATION,MUIR,4,6,S,YU,5666
2017/09/26,18:11,Tuesday,UNION STATION,SUDP,0,0,N,YU,5411
2017/09/26,18:30,Tuesday,MCCOWAN STATION,PRSW,15,20,N,SRT,3026
2017/09/26,18:33,Tuesday,WELLESLEY STATION,MUPAA,0,0,N,YU,5761
2017/09/26,18:50,Tuesday,SCARB CTR STATION,MRUIR,0,0,N,SRT,3001
2017/09/26,18:51,Tuesday,DON MILLS STATION,MUPAA,0,0,W,SHP,6151
2017/09/26,19:11,Tuesday,FINCH STATION,TUMVS,0,0,N,YU,6101
2017/09/26,19:33,Tuesday,NORTH YORK CTR STATION,MUPAA,0,0,N,YU,5711
2017/09/26,19:37,Tuesday,DAVISVILLE STATION,MUIR,0,0,N,YU,6021
2017/09/26,19:48,Tuesday,YONGE SHP STATION,MUNCA,0,0,,SHP,0
2017/09/26,19:59,Tuesday,BLOOR STATION,MUIS,0,0,S,YU,0
2017/09/26,20:10,Tuesday,EGLINTON WEST STATION,MUSC,0,0,N,YU,5631
2017/09/26,20:19,Tuesday,DONLANDS STATION,EUPI,0,0,W,BD,5202
2017/09/26,20:20,Tuesday,WILSON STATION,MUIS,0,0,,YU,0
2017/09/26,20:56,Tuesday,EGLINTON WEST STATION,MUSC,0,0,N,YU,5521
2017/09/26,21:20,Tuesday,COLLEGE STATION,MUPAA,0,0,N,YU,5566
2017/09/26,21:29,Tuesday,EGLINTON WEST STATION,MUSC,0,0,N,YU,6036
2017/09/26,21:35,Tuesday,EGLINTON WEST STATION,MUSC,0,0,N,YU,5386
2017/09/26,21:41,Tuesday,EGLINTON WEST STATION,MUSC,0,0,N,YU,5771
2017/09/26,21:52,Tuesday,ST ANDREW STATION,SUDP,0,0,,YU,0
2017/09/26,22:00,Tuesday,YUS/BD/SHEPPARD SUBWAY,MUO,0,0,,YU/BD,0
2017/09/26,23:00,Tuesday,DUNDAS STATION,MUO,0,0,S,YU,5716
2017/09/26,23:10,Tuesday,BLOOR DANFORTH SUBWAY,MUGD,0,0,,BD,0
2017/09/27,00:15,Wednesday,CASTLE FRANK STATION,SUUT,70,74,W,BD,5348
2017/09/27,00:37,Wednesday,KENNEDY SRT STATION,ERAC,6,12,N,SRT,3015
2017/09/27,01:43,Wednesday,YONGE BD STATION,SUDP,0,0,E,BD,5208
2017/09/27,05:41,Wednesday,KIPLING STATION,MUSC,0,0,E,BD,5110
2017/09/27,05:57,Wednesday,GREENWOOD STATION,TUSC,0,0,W,BD,5077
2017/09/27,06:26,Wednesday,WILSON HOSTLER,MUSC,0,0,N,YU,6011
2017/09/27,06:41,Wednesday,KENNEDY SRT STATION,TRSET,4,9,S,SRT,3026
2017/09/27,06:44,Wednesday,ISLINGTON STATION,MUSC,0,0,E,BD,5277
2017/09/27,06:57,Wednesday,KIPLING STATION,MUSC,0,0,E,BD,5099
2017/09/27,07:15,Wednesday,CHESTER STATION,EUAC,6,8,W,BD,5026
2017/09/27,07:29,Wednesday,KIPLING STATION,TUSC,0,0,E,BD,5110
2017/09/27,07:39,Wednesday,FINCH STATION,MUSC,0,0,S,YU,6011
2017/09/27,07:39,Wednesday,KENNEDY BD STATION,MUSC,0,0,W,BD,5200
2017/09/27,07:44,Wednesday,WARDEN STATION,EUBK,10,12,W,BD,5200
2017/09/27,08:07,Wednesday,BLOOR STATION,MUIS,0,0,S,YU,0
2017/09/27,08:49,Wednesday,EGLINTON WEST STATION,MUSC,0,0,N,YU,5666
2017/09/27,08:57,Wednesday,SPADINA BD STATION,MUIS,0,0,W,BD,0
2017/09/27,09:05,Wednesday,DUNDAS STATION,MUIR,6,8,S,YU,5911
2017/09/27,09:16,Wednesday,DAVISVILLE STATION,TUMVS,0,0,S,YU,5746
2017/09/27,09:58,Wednesday,EGLINTON WEST STATION,MUSC,0,0,N,YU,5746
2017/09/27,10:00,Wednesday,WELLESLEY STATION,MUIR,7,9,S,YU,5416
2017/09/27,10:45,Wednesday,EGLINTON WEST STATION,MUSC,0,0,N,YU,5601
2017/09/27,11:29,Wednesday,ST GEORGE YUS STATION,TUSC,0,0,N,YU,5626
2017/09/27,11:40,Wednesday,EGLINTON WEST STATION,MUSC,0,0,N,YU,5546
2017/09/27,11:44,Wednesday,BLOOR DANFORTH SUBWAY,MUGD,0,0,,BD,0
2017/09/27,12:05,Wednesday,ST CLAIR STATION,SUDP,0,0,S,YU,0
2017/09/27,12:32,Wednesday,WOODBINE STATION,SUDP,5,8,E,BD,5181
2017/09/27,13:49,Wednesday,UNION STATION,MUIS,0,0,,YU,0
2017/09/27,13:59,Wednesday,SHEPPARD WEST STATION,TUMVS,0,0,N,YU,5906
2017/09/27,14:22,Wednesday,EGLINTON WEST STATION,MUSC,0,0,N,YU,5996
2017/09/27,14:38,Wednesday,OSSINGTON STATION,MUPAA,3,6,W,BD,5191
2017/09/27,15:06,Wednesday,YONGE BD STATION,PUMEL,0,0,W,BD,0
2017/09/27,15:08,Wednesday,RUNNYMEDE STATION,MUIR,4,7,W,BD,5170
2017/09/27,15:44,Wednesday,SHEPPARD WEST STATION,MUTO,3,5,S,YU,5381
2017/09/27,16:39,Wednesday,WOODBINE STATION,MUSC,0,0,W,BD,5034
2017/09/27,17:10,Wednesday,LAWRENCE STATION,MUPAA,0,0,N,YU,5901
2017/09/27,17:15,Wednesday,EGLINTON WEST STATION,MUSC,0,0,N,YU,5396
2017/09/27,17:19,Wednesday,ST CLAIR STATION,TUOS,0,0,S,YU,5736
2017/09/27,17:47,Wednesday,ST ANDREW STATION,MUPAA,0,0,S,YU,5961
2017/09/27,17:56,Wednesday,EGLINTON WEST STATION,MUSC,0,0,N,YU,6111
2017/09/27,18:15,Wednesday,ST GEORGE YUS STATION,MUIRS,0,0,N,YU,0
2017/09/27,18:25,Wednesday,ST GEORGE BD STATION,SUDP,4,6,W,BD,5356
2017/09/27,18:41,Wednesday,BROADVIEW STATION,MUIR,4,6,E,BD,5325
2017/09/27,18:55,Wednesday,MCCOWAN STATION,PRSW,27,33,N,SRT,3007
2017/09/27,18:56,Wednesday,EGLINTON WEST STATION,MUSC,0,0,N,YU,5996
2017/09/27,18:58,Wednesday,EGLINTON WEST STATION,MUSC,0,0,N,YU,5406
2017/09/27,19:29,Wednesday,DUPONT STATION,MUTD,3,5,S,YU,5916
2017/09/27,19:45,Wednesday,SPADINA BD STATION,MUIS,0,0,E,BD,0
2017/09/27,19:55,Wednesday,OLD MILL STATION,MUPAA,3,6,W,BD,5112
2017/09/27,20:02,Wednesday,OSSINGTON STATION,SUPOL,17,20,E,BD,5107
2017/09/27,20:02,Wednesday,SHEPPARD WEST STATION,EUNT,3,6,S,YU,5431
2017/09/27,20:30,Wednesday,DUNDAS STATION,MUIS,0,0,,YU,0
2017/09/27,20:35,Wednesday,SHEPPARD WEST STATION,MUIR,3,6,S,YU,5851
2017/09/27,20:37,Wednesday,BLOOR DANFORTH SUBWAY,MUGD,0,0,,BD,0
2017/09/27,21:27,Wednesday,KENNEDY BD STATION,PUCSC,6,9,W,BD,5202
2017/09/27,21:42,Wednesday,SHEPPARD WEST STATION,TUSC,0,0,N,YU,5406
2017/09/27,22:00,Wednesday,YUS/BD/SHEPPARD SUBWAY,MUO,0,0,,BD,0
2017/09/27,22:07,Wednesday,EGLINTON STATION,MUPAA,0,0,S,YU,5646
2017/09/27,23:00,Wednesday,DUNDAS STATION,MUO,0,0,N,YU,5791
2017/09/27,23:29,Wednesday,KIPLING STATION,TUSC,0,0,W,BD,5297
2017/09/28,00:10,Thursday,ST GEORGE BD STATION,TUSC,0,0,W,BD,5011
2017/09/28,01:23,Thursday,DAVISVILLE HOSTLER,PUTDN,0,0,,YU,0
2017/09/28,01:24,Thursday,CASTLE FRANK STATION,MUD,6,10,W,BD,5085
2017/09/28,01:30,Thursday,BAYVIEW STATION,MUIE,0,0,,SHP,0
2017/09/28,01:44,Thursday,KIPLING STATION,MUIS,0,0,,BD,0
2017/09/28,02:06,Thursday,BLOOR STATION,MUIS,0,0,S,YU,0
2017/09/28,02:12,Thursday,ST CLAIR STATION,SUAE,0,0,,YU,0
2017/09/28,02:48,Thursday,ISLINGTON STATION,MUIS,0,0,,BD,7904
2017/09/28,05:47,Thursday,KEELE STATION,EUBO,5,9,W,BD,5344
2017/09/28,05:50,Thursday,ISLINGTON STATION,MUSC,0,0,E,BD,5110
2017/09/28,06:26,Thursday,SHEPPARD WEST STATION,MUSC,0,0,S,YU,5911
2017/09/28,07:23,Thursday,KIPLING STATION,MUSC,0,0,E,BD,5005
2017/09/28,08:21,Thursday,ST GEORGE BD STATION,MUIR,0,0,E,BD,5224
2017/09/28,08:56,Thursday,YONGE BD STATION,MUIS,0,0,E,BD,0
2017/09/28,09:12,Thursday,JANE STATION,PUTIJ,0,0,W,BD,5180
2017/09/28,09:19,Thursday,ST CLAIR WEST STATION,PUMEL,0,0,,YU,0
2017/09/28,10:48,Thursday,CASTLE FRANK STATION,MUIR,3,6,W,BD,5150
2017/09/28,11:29,Thursday,JANE STATION,MUSC,0,0,W,BD,5237
2017/09/28,11:36,Thursday,NORTH YORK CTR STATION,MUIS,0,0,,YU,0
2017/09/28,11:39,Thursday,BAY STATION,SUDP,0,0,E,BD,5164
2017/09/28,12:15,Thursday,YONGE UNIVERSITY SUBWA,MUGD,0,0,,YU,0
2017/09/28,13:28,Thursday,YONGE SHP STATION,MUIS,0,0,,SHP,0
2017/09/28,13:36,Thursday,SPADINA YUS STATION,SUDP,0,0,N,YU,5101
2017/09/28,13:37,Thursday,WILSON TO SHEPPARD WES,PUSTP,30,33,S,YU,6066
2017/09/28,13:39,Thursday,YORK MILLS STATION,MUSC,0,0,S,YU,5901
2017/09/28,13:52,Thursday,ST CLAIR WEST STATION,MUSC,0,0,S,YU,5721
2017/09/28,14:19,Thursday,PAPE STATION,PUMST,0,0,,BD,0
2017/09/28,14:35,Thursday,WARDEN STATION,MUIR,0,0,E,BD,5350
2017/09/28,14:55,Thursday,JANE STATION,EUDO,14,17,E,BD,5110
2017/09/28,15:56,Thursday,SHEPPARD WEST STATION,MUSC,0,0,S,YU,5721
2017/09/28,16:28,Thursday,EGLINTON STATION,PUSNT,0,0,S,YU,5936
2017/09/28,17:28,Thursday,MCCOWAN STATION,PRSW,43,48,S,SRT,3021
2017/09/28,17:32,Thursday,SPADINA BD STATION,MUDD,8,10,W,BD,5044
2017/09/28,17:43,Thursday,EGLINTON WEST STATION,MUPAA,0,0,S,YU,5541
2017/09/28,17:43,Thursday,SUMMERHILL STATION,MUSC,0,0,N,YU,5941
2017/09/28,17:56,Thursday,SPADINA YUS STATION,MUSC,0,0,S,YU,5396
2017/09/28,18:04,Thursday,ST GEORGE BD STATION,PUMST,0,0,,BD,0
2017/09/28,18:20,Thursday,ST GEORGE BD STATION,MUSC,0,0,E,BD,5178
2017/09/28,18:28,Thursday,YORKDALE STATION,MUIE,5,7,N,YU,6111
2017/09/28,18:49,Thursday,KENNEDY BD STATION,SUDP,0,0,W,BD,5195
2017/09/28,19:09,Thursday,DUPONT STATION,MUPAA,0,0,S,YU,6076
2017/09/28,19:12,Thursday,BROADVIEW STATION,SUDP,5,8,E,BD,5215
2017/09/28,19:46,Thursday,SPADINA BD STATION,PUMEL,0,0,,BD,0
2017/09/28,20:01,Thursday,KENNEDY BD STATION,TUMVS,0,0,E,BD,5117
2017/09/28,20:21,Thursday,KIPLING STATION,MUPAA,0,0,W,BD,5334
2017/09/28,20:33,Thursday,SHEPPARD WEST STATION,MUTO,5,8,,YU,0
2017/09/28,20:35,Thursday,BATHURST STATION,MUDD,4,8,W,BD,5265
2017/09/28,21:19,Thursday,WILSON STATION,MUSC,0,0,W,YU,6076
2017/09/28,22:00,Thursday,UNION STATION,MUSAN,6,9,S,YU,6041
2017/09/28,22:00,Thursday,YUS/BD/SHEPPARD SUBWAY,MUO,0,0,,YU/BD,0
2017/09/28,22:07,Thursday,ST GEORGE YUS STATION,MUIS,0,0,,YU,0
2017/09/28,22:08,Thursday,DUNDAS STATION,MUIRS,0,0,,YU,0
2017/09/28,23:00,Thursday,DUNDAS STATION,MUO,0,0,S,YU,5901
2017/09/28,23:35,Thursday,WELLESLEY STATION,MUIRS,0,0,N,YU,0
2017/09/28,23:44,Thursday,WILSON STATION,MUSC,0,0,S,YU,4531
2017/09/28,23:48,Thursday,YONGE UNIVERSITY SUBWA,MUGD,0,0,,YU,0
2017/09/29,00:28,Friday,DUNDAS WEST STATION,TUSC,0,0,W,BD,5234
2017/09/29,00:50,Friday,GLENCAIRN STATION,MUIRS,0,0,N,YU,0
2017/09/29,00:55,Friday,CASTLE FRANK STATION,MUIR,5,9,E,BD,5348
2017/09/29,01:10,Friday,YONGE SHP STATION,TUSC,0,0,E,SHP,6186
2017/09/29,01:54,Friday,EGLINTON STATION,TUCC,14,18,N,YU,5901
2017/09/29,05:40,Friday,KENNEDY BD STATION,PUTTP,32,0,W,BD,5077
2017/09/29,06:09,Friday,OLD MILL STATION,TUSC,0,0,W,BD,5024
2017/09/29,06:45,Friday,DAVISVILLE STATION,MUSC,0,0,N,YU,6036
2017/09/29,06:46,Friday,SPADINA BD STATION,MUI,6,8,W,BD,5282
2017/09/29,07:28,Friday,COXWELL STATION,MUSC,0,0,E,BD,5166
2017/09/29,07:29,Friday,ST GEORGE BD STATION,EUSC,0,0,E,BD,5294
2017/09/29,07:45,Friday,ROSEDALE STATION,MUIRS,0,0,N,YU,0
2017/09/29,07:49,Friday,DUNDAS WEST STATION,MUPAA,3,6,E,BD,5125
2017/09/29,07:55,Friday,FINCH STATION,TUSC,0,0,N,YU,5746
2017/09/29,08:05,Friday,JANE STATION,TUMVS,0,0,E,BD,5215
2017/09/29,09:22,Friday,COLLEGE STATION,MUIS,0,0,,YU,0
2017/09/29,09:29,Friday,ST CLAIR WEST STATION,TUMVS,3,5,S,YU,5746
2017/09/29,09:31,Friday,EGLINTON STATION,MUIS,0,0,,YU,0
2017/09/29,09:33,Friday,EGLINTON STATION,MUTO,0,0,N,YU,5901
2017/09/29,09:54,Friday,KIPLING STATION,TUSC,0,0,W,BD,5181
2017/09/29,10:17,Friday,ROYAL YORK STATION,MUIS,0,0,,BD,0
2017/09/29,10:22,Friday,DON MILLS STATION,TUMVS,3,9,E,SHP,6186
2017/09/29,10:41,Friday,KEELE STATION,MUIE,0,0,,BD,0
2017/09/29,11:04,Friday,ISLINGTON STATION,MUIS,0,0,,BD,0
2017/09/29,12:05,Friday,YUS/BD/SHEPPARD SUBWAY,MUGD,0,0,,YU,0
2017/09/29,12:26,Friday,DUNDAS WEST STATION,TUMVS,0,0,W,BD,5241
2017/09/29,12:51,Friday,WARDEN STATION,MUIS,0,0,,BD,0
2017/09/29,13:14,Friday,YORK UNIVERSITY STATIO,PUMO,0,0,,YU,0
2017/09/29,13:47,Friday,DAVISVILLE STATION,SUAE,0,0,N,YU,6036
2017/09/29,13:57,Friday,KENNEDY BD STATION,MUIR,0,0,E,BD,5094
2017/09/29,14:47,Friday,KEELE STATION,PUSTS,0,0,E,BD,5294
2017/09/29,14:54,Friday,ST CLAIR STATION,PUTO,0,0,S,YU,5796
2017/09/29,15:00,Friday,DAVISVILLE STATION,PUTO,0,0,S,YU,5936
2017/09/29,15:05,Friday,JANE STATION,MUSC,0,0,E,BD,5094
2017/09/29,15:27,Friday,KENNEDY BD STATION,MUDD,3,5,W,BD,5297
2017/09/29,15:57,Friday,BATHURST STATION,MUSC,0,0,W,BD,5241
2017/09/29,16:05,Friday,KEELE STATION,MUSC,0,0,E,BD,5166
2017/09/29,16:37,Friday,BATHURST STATION,MUIS,0,0,,BD,0
2017/09/29,16:52,Friday,CHRISTIE STATION,MUIS,0,0,E,BD,0
2017/09/29,17:22,Friday,UNION STATION,MUIS,0,0,,YU,0
2017/09/29,17:25,Friday,DUNDAS STATION,MUNCA,0,0,,YU,0
2017/09/29,17:26,Friday,SHEPPARD WEST STATION,SUDP,5,7,N,YU,5971
2017/09/29,17:27,Friday,DAVISVILLE STATION,MUIS,0,0,N,YU,0
2017/09/29,17:28,Friday,SHEPPARD STATION,MUIR,4,6,N,YU,5581
2017/09/29,17:37,Friday,BATHURST STATION,SUO,4,6,E,BD,5131
2017/09/29,18:23,Friday,WOODBINE STATION,MUSC,0,0,W,BD,5274
2017/09/29,18:37,Friday,KENNEDY SRT STATION,ERTB,3,9,N,SRT,3013
2017/09/29,18:50,Friday,VICTORIA PARK STATION,MUSC,0,0,W,BD,5108
2017/09/29,20:42,Friday,KEELE STATION,MUIS,0,0,E,BD,5173
2017/09/29,20:52,Friday,WILSON STATION,SUAP,0,0,,YU,0
2017/09/29,21:15,Friday,VICTORIA PARK STATION,MUSC,0,0,E,BD,5197
2017/09/29,21:19,Friday,UNION STATION,SUDP,0,0,,YU,0
2017/09/29,22:00,Friday,YONGE UNIVERSITY LINE,MUO,0,0,,BD,0
2017/09/29,22:24,Friday,LAWRENCE STATION,MUPAA,3,7,N,YU,5436
2017/09/29,22:42,Friday,FINCH STATION,MUI,4,8,S,YU,5431
2017/09/29,22:43,Friday,QUEEN'S PARK STATION,MUIS,0,0,,YU,0
2017/09/29,22:45,Friday,SHEPPARD WEST STATION,TUSC,0,0,N,YU,5711
2017/09/29,22:54,Friday,DUNDAS STATION,MUO,0,0,S,YU,6131
2017/09/30,00:01,Saturday,LAWRENCE WEST STATION,MUI,5,9,S,YU,6016
2017/09/30,00:03,Saturday,KENNEDY SRT STATION,SRDP,5,10,E,SRT,3025
2017/09/30,01:04,Saturday,DUNDAS STATION,SUDP,0,0,,YU,0
2017/09/30,01:42,Saturday,ST CLAIR WEST STATION,MUIS,0,0,S,YU,0
2017/09/30,01:52,Saturday,OSGOODE STATION,SUUT,7,11,S,YU,5971
2017/09/30,02:03,Saturday,HIGH PARK STATION,MUSC,0,0,E,BD,5127
2017/09/30,06:01,Saturday,KENNEDY BD STATION,TUSC,0,0,W,BD,5112
2017/09/30,06:03,Saturday,BAYVIEW STATION,EUO,4,10,E,SHP,6186
2017/09/30,06:22,Saturday,QUEEN STATION,SUDP,8,12,S,YU,6046
2017/09/30,06:47,Saturday,BROADVIEW STATION,MUIS,0,0,,BD,0
2017/09/30,07:08,Saturday,KIPLING STATION,PUSNT,0,0,W,BD,5123
2017/09/30,08:00,Saturday,DUNDAS WEST STATION,TUMVS,0,0,W,BD,5186
2017/09/30,09:26,Saturday,DAVISVILLE STATION,PUSTS,5,9,N,YU,6016
2017/09/30,09:41,Saturday,KIPLING STATION,PUSNT,0,0,W,BD,5336
2017/09/30,11:02,Saturday,SHEPPARD WEST STATION,TUSC,0,0,N,YU,6046
2017/09/30,11:15,Saturday,BLOOR DANFORTH SUBWAY,MUGD,0,0,,BD,0
2017/09/30,11:41,Saturday,QUEEN STATION,MUIE,0,0,,YU,0
2017/09/30,12:23,Saturday,WELLESLEY STATION,MUIS,0,0,N,YU,0
2017/09/30,12:28,Saturday,OSSINGTON STATION,SUDP,6,10,E,BD,5325
2017/09/30,13:17,Saturday,OLD MILL STATION,TUSC,0,0,E,BD,5040
2017/09/30,13:22,Saturday,BAYVIEW STATION,EUTL,6,11,E,SHP,6186
2017/09/30,15:04,Saturday,OLD MILL STATION,MUIS,0,0,,BD,0
2017/09/30,15:29,Saturday,LAWRENCE STATION,SUDP,4,9,S,YU,6056
2017/09/30,15:57,Saturday,BROADVIEW STATION,TUMVS,4,8,E,BD,5150
2017/09/30,16:22,Saturday,FINCH STATION,PUMEL,0,0,,YU,0
2017/09/30,17:19,Saturday,QUEEN'S PARK STATION,MUIS,0,0,S,YU,0
2017/09/30,17:19,Saturday,WARDEN STATION,MUIRS,0,0,,BD,0
2017/09/30,18:13,Saturday,OSSINGTON STATION,SUUT,17,21,E,BD,5286
2017/09/30,18:28,Saturday,EGLINTON STATION,EUDO,9,13,N,YU,5801
2017/09/30,18:43,Saturday,SHERBOURNE STATION,PUMEL,0,0,,BD,0
2017/09/30,19:12,Saturday,JANE STATION,MUIR,5,9,W,BD,5299
2017/09/30,19:31,Saturday,SHEPPARD WEST STATION,MUTO,3,7,S,YU,5921
2017/09/30,19:32,Saturday,SHEPPARD WEST STATION,MUTO,3,7,S,YU,5676
2017/09/30,21:08,Saturday,JANE STATION,TUSC,0,0,W,BD,5371
2017/09/30,21:32,Saturday,SUMMERHILL STATION,MUSC,0,0,N,YU,5761
2017/09/30,21:46,Saturday,YONGE SHP STATION,MUNOA,3,8,E,SHP,6151
2017/09/30,22:00,Saturday,YONGE UNIVERSITY LINE,MUO,0,0,,YU/BD,0
2017/09/30,22:13,Saturday,WARDEN STATION,TUSC,0,0,W,BD,5108
2017/09/30,22:52,Saturday,EGLINTON STATION,SUO,0,0,,YU,0
2017/09/30,22:59,Saturday,KENNEDY BD STATION,MUSC,0,0,W,BD,5139
2017/09/30,23:20,Saturday,BAY STATION,PUTIJ,5,9,E,BD,5325
